设置日期	活动开启日期	提醒内容	排期表活动内容
9月30日	10月1日	设置活动	10签7活动（假日签到 10签7活动， 10月7号之后开的服不开，其他都开）
10月10日	10月11日	设置活动	主题活动1万物新生（S1-S41）
10月17日	10月18日	设置活动	主题活动2潮起潮落（S1-S81）
10月17日	10月18日	设置活动	旅行虫大冒险，截止10.4开的服，1-96服
10月19日	10月22日	设置活动	VIP商店 S1-S63【✔】
10月19日	11月1日	本服联盟GVE：设置活动	本服联盟GVE 1-129服开，截止10.20开的服【✔】
10月23日	10月24日	设置活动	特化蚁连储，蚁后大于6级，开服满15天的服开启，也就是开服第16天的服开【✔】
10月23日	10月24日	设置活动	区域祈福，新服头3天才有活动，24-30号期间开的新服都开。【✔】
10月23日	10月24日	设置活动	钻石瓜分，全服开启，期间开的新服手动开。【✔】
10月23日	10月25日	设置活动	主题活动3旱季来临【✔】
10月26日	10月29日	设置活动	VIP商店 S1-S102【✔】
10月26日	11月7日	本服联盟GVE：设置活动	本服联盟GVE 130-145服开，截止10.27开的服【✔】
10月31日	10月31日	设置活动	联盟远征（10月3号开的服，S1-S89)【11.1】开启【✔】
10月31日	11月1日	设置活动	更新
10月31日	11月1日	设置活动	冷杉果大搜罗，开服满16天的服开启，配套礼包（10.16——S1-S123)【✔】
10月31日	11月1日	设置活动	主题活动4回归自然 1-123【✔】
10月31日	11月8日	跨服联盟GVE：设置活动	跨服联盟GVE 1-129服开，截止10.20开的服【✔】
11月2日	11月5日	设置活动	VIP商店 S1-S115【✔】
11月2日	11月14日	本服联盟GVE：设置活动	本服联盟GVE 146-158服开，截止11.3开的服【✔】
11月6日	11月7日	设置活动	联盟远征（10月10号开的服，S1-S110)【11.7】开启【✔】
11月6日	11月8日	设置活动	主题活动1万物新生 1-138【✔】
11月7日	11月14日	跨服联盟GVE：设置活动	跨服联盟GVE 130-145服开，截止10.27开的服【✔】
11月9日	11月12日	设置活动	VIP商店 S1-S129【✔】
11月9日	11月21日	本服联盟GVE：设置活动	本服联盟GVE 159-171服开，截止11.10开的服【✔】
11月14日	11月14日	设置活动	联盟远征（10月17号开的服，S1-S124)【11.14】开启【✔】
11月14日	11月15日	设置活动	主题活动2潮起潮落 1-152【✔】
11月14日	11月21日	跨服联盟GVE：设置活动	跨服联盟GVE 146-158服开，截止11.3开的服【✔】
11月16日	11月19日	设置活动	VIP商店 S1-S145【✔】
11月16日	11月28日	本服联盟GVE：设置活动	本服联盟GVE 172-181服开，截止11.17开的服【✔】
11月20日	11月21日	设置活动	联盟远征（10月24号开的服，S1-S139)【11.21】开启【✔】
11月20日	11月22日	设置活动	主题活动3旱季来临 1-166【✔】
11月21日	11月28日	跨服联盟GVE：设置活动	跨服联盟GVE 159-171服开，截止11.10开的服【✔】
11月23日	11月24日	设置活动	野怪连储，S1-S169 11.9截至的服务器，开服第16天【✔】
11月23日	11月24日	设置活动	钻石瓜分，全服开启，期间开的新服手动开【✔】
11月23日	11月26日	设置活动	VIP商店 S1-S158【✔】
11月23日	12月5日	本服联盟GVE：设置活动	本服联盟GVE 182-189 服开，截止11.24开的服【✔】
11月28日	11月28日	设置活动	联盟远征（10月31号开的服，S1-S154)【11.28】开启【✔】
11月28日	11月29日	设置活动	主题活动4回归自然1-177【✔】
11月28日	12月5日	跨服联盟GVE：设置活动	"通服
跨服联盟GVE S172-S181服开，截止11.17开的服【✔】
跨服联盟GVE S1-S158服开，截止11.3开的服【✔】"
11月30日	11月30日	设置活动	黑骑士S1-158【✔】
11月30日	12月3日	设置活动	VIP商店 S1-S171【✔】
11月30日	12月12日	本服联盟GVE：设置活动	本服联盟GVE 190-197 服开，截止12.1开的服【✔】
12月4日	12月5日	设置活动	联盟远征（11月7号开的服，S1-S167)【12.5】开启【✔】
12月4日	12月6日	设置活动	主题活动1万物新生 1-185【✔】
12月5日	12月12日	跨服联盟GVE：设置活动	跨服联盟GVE 182-189 服开，截止11.24开的服【✔】
12月7日	12月10日	设置活动	VIP商店 S1-S181【✔】
12月7日	12月19日	区域迁徙：设置礼包+分组	区域迁徙【✔】
12月7日	12月19日	本服联盟GVE：设置活动	本服联盟GVE 198-206服开，截止12.8开的服【✔】
12月9日	12月19日	区域迁徙：设置活动+公布分组	区域迁徙【✔】
12月12日	12月12日	设置活动	联盟远征（11月14号开的服，S1-S178)【12.12】开启【✔】
12月12日	12月13日	设置活动	主题活动2潮起潮落 1-193【✔】
12月12日	12月13日	设置活动	迁服礼包预设【✔】
12月12日	12月14日	设置活动	迁服活动预设+公布分组【✔】
12月12日	12月19日	跨服联盟GVE：设置活动	跨服联盟GVE 190-197 服开，截止12.1开的服【✔】
12月14日	12月14日	设置活动	黑骑士S1-S181【✔】
12月14日	12月17日	设置活动	VIP商店 S1-S189【✔】
12月14日	12月26日	本服联盟GVE：设置活动	本服联盟GVE 207-214服开，截止12.15开的服【✔】
12月18日	12月19日	设置活动	联盟远征（11月21号开的服，S1-S186)【12.19】开启【✔】
12月18日	12月20日	设置活动	主题活动3旱季来临 1-201【✔】
12月19日	12月26日	跨服联盟GVE：设置活动	跨服联盟GVE 198-206服开，截止12.8开的服【✔】
12月21日	12月24日	设置活动	VIP商店 S1-S197【✔】
12月21日	1月2日	本服联盟GVE：设置活动	本服联盟GVE 215~224 服开，截止12.22开的服【✔】
12月22日	12月23日	设置活动	冷杉果大搜罗，开服满16天的服开启，1-204 （黄蛛，圣诞行军+皮肤）12.7服【✔】
12月22日	12月23日	设置活动	圣诞联盟樱花树 1-215 12.16服（开服7天以上，S2-S9一组，其他10服一组）【✔】
12月26日	12月26日	设置活动	联盟远征（11月28号开的服，S1-S194)【12.26】开启【✔】
12月26日	12月27日	设置活动	主题活动4回归自然1-209【✔】
12月26日	1月2日	跨服联盟GVE：设置活动	"通服跨服联盟GVE S1-S197截至12.1开的服 
S207-214服开，截止12.15开的服 【✔】"
12月28日	12月28日	设置活动	黑骑士S1-197【✔】
12月28日	12月31日	设置活动	VIP商店 S1-S206【✔】
12月28日	1月9日	区域迁徙：设置礼包+分组	区域迁徙 101-170 【✔】
12月28日	1月9日	本服联盟GVE：设置活动	本服联盟GVE225-237 服开，截止12.29开的服【✔】
12月30日	12月31日	设置活动	特殊回流 12.31-1.29【✔】
12月30日	1月9日	区域迁徙：设置活动+公布分组	区域迁徙 101-170 【✔】
12月31日	1月1日	设置活动	特化蚁UP池（死神蚁） 12.18开的服 S1-S217【✔】
12月31日	1月1日	设置活动	特化蚁连储，蚁后大于6级，开服满15天的服开启，也就是开服第16天的服开 12.17开的服 S1-S216【✔】
1月1日	1月2日	设置活动	联盟远征（12月5号开的服，S1-S202)【1.2】开启【✔】
1月1日	1月3日	设置活动	主题活动1万物新生 1-217【✔】
1月1日	1月3日	设置活动	迁服礼包预设+分组预设【✔】
1月1日	1月4日	设置活动	迁服活动预设+公布分组【✔】
1月2日	1月9日	跨服联盟GVE：设置活动	跨服联盟GVE 215-224服开，截止12.22开的服【✔】
1月4日	1月7日	设置活动	VIP商店 S1-S214【✔】
1月4日	1月16日	本服联盟GVE：设置活动	本服联盟GVE238-250服开，截止1.5开的服【✔】
1月8日	1月9日	设置活动	联盟远征（12月12号开的服，S1-S210)【1.9】开启【✔】
1月8日	1月10日	设置活动	主题活动2潮起潮落 1-230【✔】
1月9日	1月16日	跨服联盟GVE：设置活动	跨服联盟GVE 225-237 服开，截止12.29开的服【✔】
1月11日	1月11日	设置活动	黑骑士S1-S214【✔】
1月11日	1月14日	设置活动	VIP商店 S1-S224【✔】
1月11日	1月23日	本服联盟GVE：设置活动	本服联盟GVE服开251~263，截止1.12开的服【✔】
1月15日	1月16日	设置活动	蚁后对决，全服开启，（共计45天）新服需要手动开启【✔】
1月15日	1月16日	设置活动	联盟远征（12月19号开的服，S1-S219)【1.16】开启【✔】
1月15日	1月16日	设置活动	赛季预告【✔】
1月15日	1月17日	设置活动	主题活动3旱季来临 1-242【✔】
1月16日	1月23日	跨服联盟GVE：设置活动	跨服联盟GVE 238-250服开，截止1.5开的服【✔】
1月18日	1月21日	设置活动	VIP商店 S1-S237【✔】
1月18日	1月30日	本服联盟GVE：设置活动	本服联盟GVE服开264~280，截止1.19开的服【✔】
1月20日	1月21日	设置活动	【洞穴探险】春节 S2-S250截至1.5开的服【新年皮肤，7星溪蟹，黄蛛蚁,青铜蚁】【✔】
1月20日	1月21日	设置活动	春节事典活动 S2-S250截至1.5开的服【含页签礼包、永久头像框】【✔】
1月20日	1月21日	设置活动	春节签到 S2-S272（新服手动开）【✔】
1月22日	1月23日	设置活动	联盟远征（12月26号开的服，S1-S232)【1.23】开启【✔】
1月22日	1月24日	设置活动	主题活动4回归自然1-255【✔】
1月23日	1月30日	跨服联盟GVE：设置活动	"通服跨服联盟GVE S101-S237截至12.29开的服 【✔】
S251-263服开，截止1.12开的服 【✔】"
1月25日	1月25日	设置活动	黑骑士S1-S237【✔】
1月25日	1月28日	设置活动	VIP商店 S1-S250【✔】
1月25日	2月6日	本服联盟GVE：设置活动	本服联盟GVE服开281~S309，截止1.26开的服【✔】
1月29日	1月30日	设置活动	野怪连储，截至的服务器，开服第16天 1.15开的服 S1-S270【✔】
1月29日	1月30日	设置活动	联盟远征（1月2号开的服，S1-S244)【1.30】开启【✔】
1月29日	1月30日	设置活动	赛季报名+跨区召集
1月29日	1月31日	设置活动	主题活动1万物新生 1-270【✔】
1月30日	2月6日	跨服联盟GVE：设置活动	跨服联盟GVE服开264~280，截止1.19开的服【✔】
2月1日	2月4日	设置活动	VIP商店 S1-S263【✔】
2月1日	2月13日	区域迁徙：设置礼包+分组	区域迁徙 171-200，每10组1服【✔】
2月1日	2月13日	本服联盟GVE：设置活动	本服联盟GVE服开310~S324，截止2.2开的服【✔】
2月3日	2月13日	区域迁徙：设置活动+公布分组	区域迁徙 171-200，每10组1服【✔】
2月4日	2月5日	设置活动	S1-S280特化蚁UP池（猎虫椿） 【✔】
2月5日	2月6日	设置活动	联盟远征（1月9号开的服，S1-S257)【2.6】开启【✔】
2月5日	2月7日	设置活动	主题活动2潮起潮落 1-292【✔】
2月5日	2月7日	设置活动	礼包+分组预设【✔】
2月5日	2月8日	设置活动	活动预设+公布分组【✔】
2月6日	2月13日	跨服联盟GVE：设置活动	跨服联盟GVE服开281~S309，截止1.26开的服【✔】
2月8日	2月8日	设置活动	黑骑士S101-S263【✔】
2月8日	2月11日	设置活动	VIP商店 S1-S280【✔】
2月8日	2月20日	本服联盟GVE：设置活动	本服联盟GVE服开325~S343，截止2.9开的服【✔】
2月12日	2月13日	设置活动	冷杉果大搜罗，开服满16天的服开启（情人节行军皮肤，幽灵蚁，黄蛛蚁）【✔】
2月12日	2月13日	设置活动	情人节签到【新服手动开】【✔】
2月12日	2月13日	设置活动	联盟远征（1月16号开的服，S1-S272)【2.13】开启【✔】
2月12日	2月14日	设置活动	主题活动3旱季来临 1-316【✔】
2月13日	2月20日	跨服联盟GVE：设置活动	跨服联盟GVE服开310~S324，截止2.2开的服【✔】
2月15日	2月18日	设置活动	VIP商店 S1-S309【✔】
2月15日	2月27日	区域迁徙：设置礼包+分组	区域迁徙205、213、219、223、229、232、236、242、245、250，10服1组【✔】
2月15日	2月27日	本服联盟GVE：设置活动	本服联盟GVE服开344~S362，截止2.16开的服【✔】
2月17日	2月27日	区域迁徙：设置活动+公布分组	区域迁徙205、213、219、223、229、232、236、242、245、250，10服1组【✔】
2月19日	2月20日	设置活动	联盟远征（1月23号开的服，S1-S296)【2.20】开启【✔】
2月19日	2月21日	设置活动	主题活动4回归自然1-334【✔】
2月19日	2月21日	设置活动	特化蚁连储，蚁后大于6级，开服满15天的服开启，也就是开服第16天的服开 S1-S338【✔】
2月19日	2月21日	设置活动	礼包+分组预设【✔】
2月19日	2月22日	设置活动	活动预设+公布分组【✔】
2月20日	2月27日	跨服联盟GVE：设置活动	跨服联盟GVE服开325~S343，截止2.9开的服【✔】
2月22日	2月22日	设置活动	黑骑士S101-S309【✔】
2月22日	2月25日	设置活动	VIP商店 S1-S324【✔】
2月22日	3月6日	区域迁徙：设置礼包+分组	区域迁徙【客户端】（201-240）【✔】
2月22日	3月6日	本服联盟GVE：设置活动	本服联盟GVE服开363~S375，截止2.23开的服【✔】
2月24日	3月6日	区域迁徙：设置活动+公布分组	区域迁徙【客户端】（201-240）【✔】
2月26日	2月27日	设置活动	联盟远征（1月30号开的服，S1-S318)【2.27】开启【✔】
2月26日	2月28日	设置活动	主题活动1万物新生 1-352【✔】
2月26日	2月28日	设置活动	迁徙礼包预设【✔】
2月27日	3月6日	跨服联盟GVE：设置活动	跨服联盟GVE服开344~S362，截止2.16开的服【✔】
3月1日	3月2日	设置活动	分组预设+活动预设+公布分组【✔】
3月1日	3月4日	设置活动	VIP商店 S1-S343【✔】
3月1日	3月13日	本服联盟GVE：设置活动	本服联盟GVE服开S376~S396，截止3.2开的服【✔】
3月5日	3月6日	设置活动	真菌系统【✔】
3月5日	3月6日	设置活动	蚁后对决，全服开启，（共计45天）新服需要手动开启【更新后开】【✔】
3月5日	3月6日	设置活动	特化蚁对决1-330 8：15开【更新后开】【✔】
3月5日	3月6日	设置活动	联盟远征（2月6号开的服，S1-S338)【3.6】开启【✔】
3月5日	3月7日	设置活动	主题活动2潮起潮落 1-367【✔】
3月6日	3月13日	跨服联盟GVE：设置活动	跨服联盟GVE服开S363~S375，截止2.23开的服【✔】
3月8日	3月8日	设置活动	黑骑士S161-S343【✔】
3月8日	3月11日	设置活动	VIP商店 S1-S362【✔】
3月8日	3月20日	本服联盟GVE：设置活动	本服联盟GVE服开S397~S417，截止3.9开的服【✔】
3月10日	3月11日	设置活动	【洞穴探险】（草木有灵，黄蛛，青铜，红黑，鹿甲）【✔】
3月12日	3月13日	设置活动	联盟远征（2月13号开的服，S1-S355)【3.14】开启【✔】
3月12日	3月14日	设置活动	主题活动3旱季来临 1-387【✔】
3月12日	3月14日	设置活动	特殊回流 3.14~4.12【✔】
3月13日	3月20日	跨服联盟GVE：设置活动	跨服联盟GVE服开S376~S396，截止3.2开的服【✔】
3月15日	3月18日	设置活动	VIP商店 S1-S375【✔】
3月15日	3月27日	区域迁徙：设置礼包+分组	区域迁徙 254-278 283-300【✔】
3月15日	3月27日	本服联盟GVE：设置活动	本服联盟GVE服开S418~S440，截止3.16开的服【✔】
3月16日	3月17日	设置活动	半周年庆签到【全服】【✔】
3月17日	3月27日	区域迁徙：设置活动+公布分组	区域迁徙 254-278 283-300【✔】
3月19日	3月20日	设置活动	特化蚁UP池（死神蚁） S1~S411【✔】
3月19日	3月20日	设置活动	野怪连储S1~S408【✔】
3月19日	3月20日	设置活动	联盟远征（2月20号开的服，S1-S369)【3.20】开启【✔】
3月19日	3月21日	设置活动	主题活动4回归自然1-408【✔】
3月19日	3月21日	设置活动	半周年庆蛋糕活动 【樱花树换皮】 1-434【✔】
3月19日	3月21日	设置活动	礼包+分组预设【✔】
3月19日	3月22日	设置活动	活动预设+公布分组【✔】
3月20日	3月21日	设置活动	特化蚁对决1-360【✔】
3月20日	3月27日	跨服联盟GVE：设置活动	"通服跨服联盟GVE S397-S417 截止3.9开的服【✔】
S241~S375 截止2.23开的服【✔】"
3月22日	3月22日	设置活动	黑骑士241~375【✔】
3月22日	3月25日	设置活动	VIP商店 S1-S396【✔】
3月22日	4月3日	区域迁徙：设置礼包+分组	区域迁徙 301-360 (S301-S330、S331-S360)【✔】
3月22日	4月3日	区域迁徙：设置礼包+分组	区域迁徙 241-300 (S241-S260、S261-S280、S281-S300)【✔】
3月22日	4月3日	本服联盟GVE：设置活动	本服联盟GVE服开S441~S463，截止3.23开的服【✔】
3月24日	3月25日	设置活动	哥斯拉预告！【全服+新服自动开】【✔】
3月24日	4月3日	区域迁徙：设置活动+公布分组	区域迁徙 301-360 (S301-S330、S331-S360)【✔】
3月24日	4月3日	区域迁徙：设置活动+公布分组	区域迁徙 241-300 (S241-S260、S261-S280、S281-S300)【✔】
3月26日	3月27日	设置活动	联盟远征（2月27号开的服，S1-S389)【3.27】开启【✔】
3月26日	3月28日	设置活动	主题活动1万物新生 1-428【✔】
3月26日	3月28日	设置活动	礼包【✔】
3月27日	4月3日	跨服联盟GVE：设置活动	跨服联盟GVE服开S418~S440，截止3.16开的服【✔】
3月29日	3月30日	设置活动	分组预设+活动预设+公布分组【✔】
3月29日	4月1日	设置活动	VIP商店 S1-S417【✔】
3月29日	4月10日	本服联盟GVE：设置活动	本服联盟GVE服开S464~S478，截止3.30开的服【✔】
3月31日	4月1日	设置活动	落潮海岸【哥斯拉野怪，哥斯拉行军，幽灵，黄蛛】3.16服务器 1-440【✔】
3月31日	4月1日	设置活动	4.1-4.15 哥斯拉第一章/4.5-4.10 哥斯拉第二章/4.11-4.15哥斯拉第三章 【【【怪兽来袭+怪兽福利】】】【全服+4.25截至开的新服补开】【✔】
4月2日	4月3日	设置活动	联盟远征（3月6号开的服，S1-S411)【4.3】开启【✔】
4月2日	4月4日	设置活动	主题活动2潮起潮落 1-449【✔】
4月3日	4月10日	跨服联盟GVE：设置活动	跨服联盟GVE服开S441~S463，截止3.23开的服【✔】
4月4日	4月5日	设置活动	特化蚁对决1-410 【✔】
4月5日	4月5日	设置活动	黑骑士241~417【✔】
4月5日	4月6日	设置活动	兑换
4月5日	4月8日	设置活动	VIP商店 S1-S440【✔】特化蚁星级
4月5日	4月17日	区域迁徙：设置礼包+分组	区域迁徙 361-400 (S361-S380、S381-S400)【✔】
4月5日	4月17日	本服联盟GVE：设置活动	本服联盟GVE服开S479~S495，截止4.6开的服【✔】
4月7日	4月17日	区域迁徙：设置活动+公布分组	区域迁徙 361-400 (S361-S380、S381-S400)【✔】
4月9日	4月10日	设置活动	联盟远征（3月13号开的服，S1-S431)【4.10】开启【✔】
4月9日	4月11日	设置活动	主题活动3旱季来临 1-472【✔】
4月9日	4月11日	设置活动	礼包+分组预设【✔】
4月9日	4月12日	设置活动	活动预设+公布分组【✔】
4月10日	4月17日	跨服联盟GVE：设置活动	跨服联盟GVE服开S464~S478，截止3.30开的服【✔】
4月12日	4月15日	设置活动	VIP商店 S1-S463【✔】
4月12日	4月24日	本服联盟GVE：设置活动	本服联盟GVE服开S496~S507，截止4.13开的服【✔】
4月14日	4月15日	设置活动	S1-S478 【冷衫果】（哥斯拉蚁巢皮肤，哥斯拉野怪，青铜，黄蛛）【✔】
4月15日	4月16日	设置活动	哥斯拉第四章
4月16日	4月17日	设置活动	联盟远征（3月20号开的服，S1-S455)【4.17】开启【✔】
4月16日	4月18日	设置活动	主题活动4回归自然1-485【✔】
4月17日	4月24日	跨服联盟GVE：设置活动	"通服跨服联盟GVE S479~S495，截止4.6开的服【✔】
S241~S463，截止3.23开的服【✔】"
4月19日	4月20日	设置活动	假日庆典签到【蚁国祝福签到】【新服手动开】【✔】
4月19日	4月20日	设置活动	特化蚁对决1-450 （3.21截至）【✔】
4月19日	4月22日	设置活动	VIP商店 S1-S478【✔】
4月19日	5月1日	区域迁徙：设置礼包+分组	区域迁徙 401-440 (S401-S420、S421-S440)【✔】
4月19日	5月1日	区域迁徙：设置礼包+分组	区域迁徙 301-380 (S301-S320、S321-S340、S341-S360、S361-S380)【✔】
4月19日	5月1日	本服联盟GVE：设置活动	本服联盟GVE服开S508~S522，截止4.20开的服【✔】
4月20日	4月21日	设置活动	哥斯拉第五章
4月21日	5月1日	区域迁徙：设置活动+公布分组	区域迁徙 401-440 (S401-S420、S421-S440)【✔】
4月21日	5月1日	区域迁徙：设置活动+公布分组	区域迁徙 301-380 (S301-S320、S321-S340、S341-S360、S361-S380)【✔】
4月23日	4月24日	设置活动	1-501特化蚁连储，蚁后大于6级，开服满15天的服开启，也就是开服第16天的服开 4.9截至【✔】
4月23日	4月24日	设置活动	蚁后对决，全服开启，（共计45天）新服需要手动开启 注意！如果不是停服期间开活动那就必须预设08:15开！！！！！！【✔】
4月23日	4月24日	设置活动	联盟远征（3月27号开的服，S1-S473)【4.24】开启【✔】
4月23日	4月24日	设置活动	"目标用户：15天及以上未任何付费，活动期间打满10个野怪触发
连续停氪天数：15
活动时间：2023/4/24 到 2023/4/30【✔】"
4月23日	4月25日	设置活动	主题活动1万物新生 1-501【✔】
4月23日	4月25日	设置活动	礼包+分组预设【✔】
4月23日	4月25日	设置活动	礼包+分组预设【✔】
4月23日	4月26日	设置活动	哥斯拉第六章
4月23日	4月26日	设置活动	活动预设+公布分组【✔】
4月23日	4月26日	设置活动	活动预设+公布分组【✔】
4月24日	5月1日	跨服联盟GVE：设置活动	跨服联盟GVE服开S496~S507，截止4.13开的服【✔】
4月26日	4月29日	设置活动	VIP商店 S1-S495【✔】
4月26日	5月8日	本服联盟GVE：设置活动	本服联盟GVE服开S523~S533，截止4.27开的服【✔】
4月30日	5月1日	设置活动	哥斯拉商店+1天
4月30日	5月1日	设置活动	劳动节页签(开服满15天服）【✔】
4月30日	5月1日	设置活动	十连抽1~533，全服开启，新服手动开启【✔】
4月30日	5月1日	设置活动	联盟远征（4月3号开的服，S1-S486)【5.1】开启【✔】
4月30日	5月2日	设置活动	主题活动2潮起潮落 1-515【✔】
5月1日	5月8日	跨服联盟GVE：设置活动	跨服联盟GVE服开S508~S522，截止4.20开的服【✔】
5月3日	5月3日	设置活动	黑骑士241~495【✔】
5月3日	5月4日	设置活动	需预设
5月3日	5月6日	设置活动	VIP商店S1-S507【✔】
5月3日	5月15日	区域迁徙：设置礼包+分组	区域迁徙 441-480 (S441-S460、S461-S480)【✔】
5月3日	5月15日	本服联盟GVE：设置活动	本服联盟GVE服开S534~S561，截止5.4开的服【✔】
5月4日	5月5日	设置活动	特化蚁对决1-490 截至4.5服务器【✔】
5月5日	5月15日	区域迁徙：设置活动+公布分组	区域迁徙 441-480 (S441-S460、S461-S480)【✔】
5月7日	5月8日	设置活动	【1-529】7充5【✔】
5月7日	5月8日	设置活动	联盟远征（4月10号开的服，S1-S502)【5.8】开启【✔】
5月7日	5月9日	设置活动	主题活动3旱季来临 1-529【✔】
5月7日	5月9日	设置活动	礼包+分组预设【✔】
5月7日	5月10日	设置活动	活动预设+公布分组【✔】
5月8日	5月15日	跨服联盟GVE：设置活动	跨服联盟GVE服开S523~S533，截止4.27开的服【✔】
5月10日	5月13日	设置活动	VIP商店S1-S522【✔】
5月10日	5月22日	区域迁徙：设置礼包+分组	区域迁徙 381-460 (S381-S420、S421-S460)【✔】
5月10日	5月22日	本服联盟GVE：设置活动	本服联盟GVE服开S562~S570，截止5.11开的服【✔】
5月12日	5月22日	区域迁徙：设置活动+公布分组	区域迁徙 381-460 (S381-S420、S421-S460)【✔】
5月13日	5月14日	设置活动	母亲节页签(开服满15天服）2~543【✔】
5月14日	5月15日	设置活动	S1-S552特化蚁UP池（猎虫椿） 【✔】
5月14日	5月15日	设置活动	联盟远征（4月17号开的服，S1-S517)【5.15】开启【✔】
5月14日	5月16日	设置活动	主题活动4回归自然1-547【✔】
5月14日	5月16日	设置活动	礼包预设【✔】
5月15日	5月22日	跨服联盟GVE：设置活动	"通服跨服联盟GVE S534~S561，截止5.4开的服+
S301~S522，【客户端】截止4.20开的服
S347~S522,【小程序】【✔】"
5月17日	5月17日	设置活动	黑骑士301~522【✔】
5月17日	5月18日	设置活动	【1-560】洞穴探险【行军，红黑，幽灵，帝王，黄蛛，溪蟹】【✔】
5月17日	5月18日	设置活动	分组+活动预设+公布分组【✔】
5月17日	5月20日	设置活动	VIP商店S1-S533【✔】
5月17日	5月29日	本服联盟GVE：设置活动	本服联盟GVE服开S571~S577，截止5.18开的服【✔】
5月19日	5月20日	设置活动	特化蚁对决1-520 截至4.18服务器【✔】
5月21日	5月22日	设置活动	联盟远征（4月24号开的服，S1-S529)【5.22】开启【✔】
5月21日	5月23日	设置活动	主题活动1万物新生 1-566【✔】
5月21日	5月23日	设置活动	"目标用户：【渠道：全部】2022年9月24日~2023年5月17日注册用户，近7天内有登录但7天及以上未任何付费，活动期间打满10个野怪触发
连续停氪天数：7
活动时间：2023/5/23 到 2023/5/31【✔】"
5月21日	5月24日	设置活动	基因连储，截止5.9开的服S1~S569【✔】
5月22日	5月29日	跨服联盟GVE：设置活动	跨服联盟GVE服开S562~S570，截止5.11开的服【✔】
5月24日	5月27日	设置活动	VIP商店S1-S561【✔】
5月24日	6月5日	区域迁徙：设置礼包+分组	区域迁徙 481-520 (S481-S500、S501-S520)【✔】
5月24日	6月5日	本服联盟GVE：设置活动	本服联盟GVE服开S578~S582，截止5.25开的服【✔】
5月26日	6月5日	区域迁徙：设置活动+公布分组	区域迁徙 481-520 (S481-S500、S501-S520)【✔】
5月28日	5月29日	设置活动	联盟远征（5月1号开的服，S1-S552)【5.29】开启【✔】
5月28日	5月30日	设置活动	蚁群狂欢页签(开服满15天服）【1-576】【✔】
5月28日	5月30日	设置活动	主题活动2潮起潮落 1-575（截止5.14开的服）【✔】
5月28日	5月30日	设置活动	礼包+分组预设【✔】
5月28日	5月31日	设置活动	活动预设+公布分组【✔】
5月29日	6月5日	跨服联盟GVE：设置活动	跨服联盟GVE服开S571~S577，截止5.18开的服【✔】
5月31日	5月31日	设置活动	"黑骑士【✔】
客户端S301~S561
小程序S347~S561"
5月31日	6月3日	设置活动	VIP商店S1-S570【✔】
5月31日	6月12日	区域迁徙：设置礼包+分组	区域迁徙 S461-S500【✔】
5月31日	6月12日	本服联盟GVE：设置活动	本服联盟GVE服开S583~S586，截止6.1开的服【✔】
6月2日	6月12日	区域迁徙：设置活动+公布分组	区域迁徙 S461-S500【✔】
6月3日	6月4日	设置活动	特化蚁对决1-560 截至5.3服务器【✔】
6月4日	6月5日	设置活动	【冷衫果】（静夜多肉，尼特纳，鹿甲虫，黄蛛，面面俱到）【1-580】【✔】
6月4日	6月5日	设置活动	联盟远征（5月8号开的服，S1-S568)【6.5】开启【✔】
6月4日	6月6日	设置活动	主题活动3旱季来临（截止5.21开的服） 1-580【✔】
6月4日	6月6日	设置活动	礼包预设【✔】
6月5日	6月12日	跨服联盟GVE：设置活动	跨服联盟GVE服开S578~S582，截止5.25开的服
6月7日	6月8日	设置活动	分组+活动预设+公布分组【✔】
6月7日	6月10日	设置活动	VIP商店S1-S577【✔】
6月7日	6月19日	区域迁徙：设置礼包+分组	区域迁徙 521-560 (S521-S540、S541-S560)【✔】
6月7日	6月19日	本服联盟GVE：设置活动	本服联盟GVE服开S587-S591，截止6.8开的服【✔】
6月9日	6月19日	区域迁徙：设置活动+公布分组	区域迁徙 521-560 (S521-S540、S541-S560)【✔】
6月11日	6月12日	设置活动	特化蚁UP池（死神蚁）【✔】
6月11日	6月12日	设置活动	细菌连储&7充5【✔】
6月11日	6月12日	设置活动	蚁后对决，全服开启，（共计45天）新服需要手动开启 注意！如果不是停服期间开活动那就必须预设08:15开！！！！！！【✔】
6月11日	6月12日	设置活动	联盟远征（5月15号开的服，S1-S576)【6.12】开启【✔】
6月11日	6月13日	设置活动	主题活动4回归自然（截止5.28开的服）1-584【✔】
6月11日	6月14日	设置活动	礼包预设【✔】
6月12日	6月19日	跨服联盟GVE：设置活动	"通服跨服联盟GVE S583~S586，截止6.1开的服+
S381~S577，【客户端】截止5.18开的服
S428~S577,【小程序】【✔】"
6月14日	6月14日	设置活动	"黑骑士【✔】
客户端S380~S577
小程序S393~S576"
6月14日	6月15日	设置活动	分组+活动预设+公布分组【✔】
6月14日	6月17日	设置活动	VIP商店S1-S582【✔】
6月14日	6月26日	本服联盟GVE：设置活动	本服联盟GVE服开S592-S595，截止6.15开的服【✔】
6月15日	6月16日	设置活动	蚁群狂欢页签(开服满15天服）1-586【✔】
6月18日	6月19日	设置活动	特化蚁对决1-570 截至5.20服务器【✔】
6月18日	6月19日	设置活动	联盟远征（5月22号开的服，S1-580)【6.19】开启【✔】
6月18日	6月20日	设置活动	主题活动1万物新生（截止6.4开的服） 1-589【✔】
6月19日	6月26日	跨服联盟GVE：设置活动	跨服联盟GVE服开S587-S591，截止6.8开的服【✔】
6月21日	6月22日	设置活动	风中飞翔【樱落蝶梦，幽灵，帝王，黄蛛】【✔】
6月21日	6月22日	设置活动	事典活动【✔】
6月21日	6月22日	设置活动	端午节签到【✔】
6月21日	6月22日	设置活动	特殊回流【✔】
6月21日	6月24日	设置活动	VIP商店S1-S586【✔】
6月21日	7月3日	区域迁徙：设置礼包+分组	区域迁徙 S561-S590【✔】
6月21日	7月3日	区域迁徙：设置礼包+分组	区域迁徙 S501-S540【✔】
6月21日	7月3日	本服联盟GVE：设置活动	本服联盟GVE服开S596-S598，截止6.22开的服【✔】
6月23日	7月3日	区域迁徙：设置活动+公布分组	区域迁徙 S561-S590【✔】
6月23日	7月3日	区域迁徙：设置活动+公布分组	区域迁徙 S501-S540【✔】
6月25日	6月26日	设置活动	联盟远征（5月29号开的服，S1-584)【6.26】开启【✔】
6月25日	6月27日	设置活动	主题活动2潮起潮落 1-594（截止6.11开的服）【✔】
6月25日	6月27日	设置活动	礼包+分组预设【✔】
6月25日	6月27日	设置活动	礼包+分组预设【✔】
6月25日	6月28日	设置活动	活动预设+公布分组【✔】
6月25日	6月28日	设置活动	活动预设+公布分组【✔】
6月26日	7月3日	跨服联盟GVE：设置活动	跨服联盟GVE服开S592-S595，截止6.15开的服【✔】
6月28日	6月28日	设置活动	"黑骑士【✔】
客户端S381~S586
小程序S428~S586"
6月28日	7月1日	设置活动	VIP商店S1-S591【✔】
6月28日	7月10日	本服联盟GVE：设置活动	本服联盟GVE服开S599-S605，截止6.29开的服【✔】
6月29日	6月30日	设置活动	"目标用户：2022年9月24日~2023年6月21日注册用户，近7天内有登录但7天及以上未任何付费
连续停氪天数：7
活动时间：2023/6/30 到 2023/7/9【全渠道】【✔】"
7月2日	7月3日	设置活动	野怪连储&7充5；S1-S596【✔】
7月2日	7月3日	设置活动	联盟远征（6月5号开的服，S1-S589)【7.3】开启【✔】
7月2日	7月4日	设置活动	主题活动3旱季来临（截止6.18开的服） S1-S596【✔】
7月3日	7月4日	设置活动	特化蚁对决1-580 截至6.4服务器【✔】
7月3日	7月10日	跨服联盟GVE：设置活动	跨服联盟GVE服开S596-S598，截止6.22开的服【✔】
7月5日	7月8日	设置活动	VIP商店S1-S595【✔】
7月5日	7月17日	本服联盟GVE：设置活动	本服联盟GVE S606-S612，截止7.6开的服【✔】
7月9日	7月10日	设置活动	落潮海岸【净荷涟漪蚁巢皮肤，尼特纳，沙漠铁甲虫，黄蛛】【1-602】【✔】礼包29680开到兑换期
7月9日	7月10日	设置活动	联盟远征（6月12号开的服，S1-S594)【7.10】开启【✔】
7月9日	7月11日	设置活动	主题活动4回归自然（截止6.25开的服）1-602【✔】
7月10日	7月17日	跨服联盟GVE：设置活动	"通服跨服联盟GVE S599-S605，截止6.29开的服+
S461-S595【客户端】截止6.15开的服
S485~S595【小程序】【✔】"
7月12日	7月12日	设置活动	"黑骑士【✔】
客户端S461~S595
小程序S485~S595"
7月12日	7月15日	设置活动	VIP商店S1-S598【✔】
7月12日	7月24日	区域迁徙：设置礼包+分组	区域迁徙 S541-S580【✔】
7月12日	7月24日	本服联盟GVE：设置活动	本服联盟GVE 开S613-S617，截止7.13开的服【✔】
7月14日	7月24日	区域迁徙：设置活动+公布分组	区域迁徙 S541-S580【✔】
7月16日	7月17日	设置活动	蚁群狂欢页签(开服满15天服）截止7.2号开的服1-608【✔】
7月16日	7月17日	设置活动	特化蚁UP池（猎虫椿） 截止7.3号开的服1-608【✔】
7月16日	7月17日	设置活动	特化蚁连储&7充5 截止7.2号开的服1-608【✔】
7月16日	7月17日	设置活动	联盟远征（6月19号开的服，S1-S597)【7.17】开启【✔】
7月16日	7月18日	设置活动	主题活动1万物新生（截止7.2开的服） 1-608【✔】
7月16日	7月18日	设置活动	礼包+分组预设【✔】
7月16日	7月19日	设置活动	活动预设+公布分组【✔】
7月17日	7月24日	跨服联盟GVE：设置活动	跨服联盟GVE 开S606-S612，截止7.6开的服【✔】
7月18日	7月19日	设置活动	特化蚁对决1-590 截至6.19服务器【✔】
7月19日	7月22日	设置活动	VIP商店S1-S605【✔】
7月19日	7月31日	本服联盟GVE：设置活动	本服联盟GVE 开S618-S621，截止7.20开的服【✔】
7月23日	7月24日	设置活动	联盟远征（6月26号开的服，S1-S602）【7.24】开启【✔】
7月23日	7月25日	设置活动	洞穴探险【珍珠缀放行军，美丽蜘蛛，溪蟹，红黑，黄蛛】【1~608】【✔】
7月23日	7月25日	设置活动	主题活动2潮起潮落 1-614（截止7.9开的服）【✔】
7月24日	7月31日	跨服联盟GVE：设置活动	跨服联盟GVE 开S613-S617，截止7.13开的服【✔】
7月26日	7月26日	设置活动	"黑骑士【✔】
客户端S461~S605
小程序S485~S605"
7月26日	7月29日	设置活动	VIP商店S1-S612【✔】
7月26日	8月7日	本服联盟GVE：设置活动	本服联盟GVE 开S622-S624，截止7.27开的服【✔】
7月28日	7月29日	设置活动	"目标用户：2022年9月24日~2023年7月22日注册用户，近7天内有登录但7天及以上未任何付费
连续停氪天数：7
活动时间：2023/7/29 到 2023/8/6
开启渠道：除37安卓、iOS外的渠道【✔】"
7月29日	7月30日	设置活动	蚁群狂欢页签(开服满15天服）【✔】1-618
7月30日	7月31日	设置活动	真菌连储&7充5【1-619】【✔】
7月30日	7月31日	设置活动	蚁后对决，全服开启，（共计45天）新服需要手动开启 注意！如果不是停服期间开活动那就必须预设08:15开！！！！！！【✔】
7月30日	7月31日	设置活动	联盟远征（7月3号开的服，S1-S608）【7.31】开启【✔】
7月30日	8月1日	设置活动	主题活动3旱季来临（截止7.16开的服） S1-S619【✔】
7月31日	8月7日	跨服联盟GVE：设置活动	跨服联盟GVE 开S618-S621，截止7.20开的服【✔】
8月2日	8月3日	设置活动	特化蚁对决1-600 截至7.3服务器【✔】
8月2日	8月5日	设置活动	VIP商店S1-S617【✔】
8月2日	8月14日	本服联盟GVE：设置活动	本服联盟GVE 开S625-S627，截止8.3开的服【✔】
8月6日	8月7日	设置活动	联盟远征（7月10号开的服，S1-S615）【8.7】开启【✔】
8月6日	8月8日	设置活动	风中飞翔【绒毛绿兔，青铜蚁，黄蛛，6星鹿甲虫，硬树枝】1-622【✔】
8月6日	8月8日	设置活动	珍宝商店【秋月，蜜巢】1-622【✔】
8月6日	8月8日	设置活动	主题活动4回归自然（截止7.23开的服）1-622【✔】
8月7日	8月14日	跨服联盟GVE：设置活动	"通服跨服联盟GVE S622-S624，截止7.27开的服+
S544-S617【客户端】
S541~S616【小程序】【✔】"
8月9日	8月9日	设置活动	"黑骑士【✔】
客户端S544~S617
小程序S541~S616"
8月9日	8月12日	设置活动	VIP商店S1-S621【✔】
8月9日	8月21日	区域迁徙：设置礼包+分组	区域迁徙 S581-S600【✔】
8月9日	8月21日	本服联盟GVE：设置活动	本服联盟GVE 开S628-S631，截止8.10开的服【✔】
8月11日	8月21日	区域迁徙：设置活动+公布分组	区域迁徙 S581-S600【✔】
8月13日	8月14日	设置活动	基因连储&7充5,截止到625【✔】
8月13日	8月14日	设置活动	联盟远征（7月17号开的服，S1-S619）【8.14】开启【✔】
8月13日	8月15日	设置活动	蚁群狂欢页签(开服满15天服）1-627【✔】
8月13日	8月15日	设置活动	主题活动1万物新生（截止7.30开的服） 1-625【✔】
8月13日	8月15日	设置活动	十连抽，新服手动开启【✔】
8月13日	8月15日	设置活动	礼包+分组预设【✔】
8月13日	8月16日	设置活动	活动预设+公布分组【✔】
8月14日	8月21日	跨服联盟GVE：设置活动	跨服联盟GVE 开S625-S627，截止8.3开的服【✔】
8月16日	8月19日	设置活动	VIP商店S1-S624【✔】
8月16日	8月28日	区域迁徙：设置礼包+分组	区域迁徙 S591-S610【✔】
8月16日	8月28日	本服联盟GVE：设置活动	本服联盟GVE 开S632-S634，截止8.17开的服【✔】
8月17日	8月18日	设置活动	特化蚁对决1-620 截至7.19服务器【✔】
8月18日	8月28日	区域迁徙：设置活动+公布分组	区域迁徙 S591-S610【✔】
8月20日	8月21日	设置活动	联盟远征（7月24号开的服，S1-S623）【8.21】开启【✔】
8月20日	8月22日	设置活动	蚁群派对【七夕行军，美丽蛛蚁，黄蛛，7星造纸胡蜂】1-630【✔】
8月20日	8月22日	设置活动	珍宝商店【秋月，蜜巢】【✔】
8月20日	8月22日	设置活动	主题活动2潮起潮落 1-629（截止8.6开的服）【✔】
8月20日	8月22日	设置活动	礼包【✔】
8月21日	8月28日	跨服联盟GVE：设置活动	跨服联盟GVE 开S628-S631，截止8.10开的服【✔】
8月23日	8月23日	设置活动	"黑骑士【✔】
客户端S544~S624
小程序S541~S624"
8月23日	8月24日	设置活动	分组预设+活动预设+公布分组【✔】
8月23日	8月26日	设置活动	VIP商店S1-S627【✔】
8月23日	9月4日	本服联盟GVE：设置活动	本服联盟GVE 开S635-S638，截止8.24开的服【✔】
8月26日	8月27日	设置活动	蜂群宝藏【青铜觉醒】S1——S605【✔】
8月27日	8月28日	设置活动	细菌连储&7充5 S1-S633【✔】
8月27日	8月28日	设置活动	联盟远征（7月31号开的服，S1-S627）【8.28】开启【✔】
8月27日	8月29日	设置活动	主题活动3旱季来临（截止8.13开的服） S1-S633【✔】
8月27日	8月30日	设置活动	蚁群狂欢页签(开服满15天服）S1——S634【✔】
8月28日	9月4日	跨服联盟GVE：设置活动	跨服联盟GVE 开S632-S634，截止8.17开的服【✔】
8月30日	9月2日	设置活动	VIP商店S1-S631【✔】
8月30日	9月11日	本服联盟GVE：设置活动	本服联盟GVE 开S639-S642，截止8.31开的服【✔】
9月1日	9月2日	设置活动	特化蚁对决1-620 截至8.3服务器【✔】
9月3日	9月4日	设置活动	联盟远征（8月7号开的服，S1-S630）【9.4】开启（更新后预设）【✔】
9月3日	9月5日	设置活动	【冷衫果】1-636（枯木樱龙，尼特纳，7星沙漠铁甲虫，红黑，面面俱到）【✔】
9月3日	9月5日	设置活动	珍宝商店【秋月，蜜巢】【✔】
9月3日	9月5日	设置活动	主题活动4回归自然（截止8.20开的服）1-636【✔】
9月4日	9月11日	跨服联盟GVE：设置活动	"通服跨服联盟GVE S635-S638，截止8.24开的服+
S602-S630【客户端】
S591~S631【小程序】【✔】"
9月6日	9月6日	设置活动	"黑骑士【✔】
客户端S544~S630
小程序S541~S631"
9月6日	9月9日	设置活动	VIP商店S1-S634【✔】
9月6日	9月18日	区域迁徙：设置礼包+分组	区域迁徙 S611-S620【✔】
9月6日	9月18日	区域迁徙：设置礼包+分组	区域迁徙 S601-S620【✔】
9月6日	9月18日	本服联盟GVE：设置活动	本服联盟GVE 开S643-S645，截止9.7开的服【✔】
9月8日	9月9日	设置活动	"2022年9月24日~2023年9月8日注册用户，近7天内有登录但7天及以上未任何付费
连续停氪天数：7
活动时间：2023/9/9 到 2023/9/18
开启渠道：除37安卓、iOS、37小程序外的渠道【✔】"
9月8日	9月18日	区域迁徙：设置活动+公布分组	区域迁徙 S611-S620【✔】
9月8日	9月18日	区域迁徙：设置活动+公布分组	区域迁徙 S601-S620【✔】
9月9日	9月10日	设置活动	639蚁群狂欢页签3日迷你(开服满15天服）【✔】
9月10日	9月11日	设置活动	640特化蚁连储&7充5【✔】
9月10日	9月11日	设置活动	联盟远征（8月14号开的服，S1-S633）【9.11】开启【✔】
9月10日	9月12日	设置活动	主题活动1万物新生（截止8.27开的服） 1-640【✔】
9月10日	9月12日	设置活动	礼包+分组预设【✔】
9月10日	9月12日	设置活动	礼包+分组预设【✔】
9月10日	9月13日	设置活动	活动预设+公布分组【✔】
9月10日	9月13日	设置活动	活动预设+公布分组【✔】
9月11日	9月18日	跨服联盟GVE：设置活动	跨服联盟GVE 开S639-S642，截止8.31开的服【✔】
9月13日	9月14日	设置活动	蚁群狂欢页签(开服满15天服）【✔】
9月13日	9月14日	设置活动	特化蚁UP池（死神蚁）1-642【✔】
9月13日	9月16日	设置活动	VIP商店S1-S638【✔】
9月13日	9月25日	本服联盟GVE：设置活动	本服联盟GVE 开S646-S649，截止9.14开的服【✔】
9月16日	9月17日	设置活动	杀敌
9月16日	9月17日	设置活动	特化蚁对决1-630 截至8.18服务器【✔】
9月17日	9月18日	设置活动	蚁后对决，全服开启，（共计45天）新服需要手动开启 注意！如果不是停服期间开活动那就必须预设08:15开！！！！！！【✔】
9月17日	9月18日	设置活动	联盟远征（8月21号开的服，S1-S636）【9.18】开启【✔】
9月17日	9月19日	设置活动	洞穴探险1-645【周年庆蛋糕皮肤，潮汐舰队，青铜，黄蛛，7星红巨鞭蝎,硬树枝*10】【✔】
9月17日	9月19日	设置活动	珍宝商店【秋月，蜜巢】1-645【✔】
9月17日	9月19日	设置活动	周年庆事典活动，周年蛋糕1-645/646-650【✔】
9月17日	9月19日	设置活动	周年庆签到1-645/646-650【✔】
9月17日	9月19日	设置活动	主题活动2潮起潮落 1-644（截止9.3开的服）【✔】
9月18日	9月25日	跨服联盟GVE：设置活动	跨服联盟GVE 开S643-S645，截止9.7开的服【✔】
9月20日	9月20日	设置活动	"黑骑士【✔】
客户端S600~S637
小程序S591~S638"
9月20日	9月23日	设置活动	VIP商店S1-S642【✔】
9月20日	10月2日	本服联盟GVE：设置活动	本服联盟GVE 开S650-S651，截止9.21开的服【✔】
9月23日	9月24日	设置活动	特殊回流【✔】
9月24日	9月25日	设置活动	野怪连储(新版16-24，25)&7充5 S1-S647【✔】
9月24日	9月25日	设置活动	联盟远征（8月28号开的服，S1-S641）【9.25】开启【✔】
9月24日	9月26日	设置活动	1-625 蜂群宝藏【青铜+黄蛛觉醒】【✔】
9月24日	9月26日	设置活动	主题活动3旱季来临（截止9.10开的服） S1-S647【✔】
9月25日	10月2日	跨服联盟GVE：设置活动	跨服联盟GVE 开S646-S649，截止9.14开的服【✔】
9月27日	9月28日	设置活动	1-648中秋页签(开服满15天服）【✔】
9月27日	9月30日	设置活动	VIP商店S1-S645【✔】
9月27日	10月9日	区域迁徙：设置礼包+分组	区域迁徙 S623-S633【✔】
9月27日	10月9日	区域迁徙：设置礼包+分组	区域迁徙 S621-S630【✔】
9月27日	10月9日	本服联盟GVE：设置活动	本服联盟GVE 开S652-S654，截止9.28开的服【✔】
9月28日	9月29日	设置活动	落潮海岸（黑金蜘蛛,幸运旅行虫，幽灵蚁，6星鹿甲，6星溪蟹，硬树枝）1-649【✔】;礼包29680开到兑换期
9月28日	9月29日	设置活动	珍宝商店【秋月，蜜巢】1-649【✔】
9月29日	10月9日	区域迁徙：设置活动+公布分组	区域迁徙 S623-S633【✔】
9月29日	10月9日	区域迁徙：设置活动+公布分组	区域迁徙 S621-S630【✔】
9月30日	10月1日	设置活动	国庆签到【✔】
9月30日	10月1日	设置活动	招财蛙【✔】
10月1日	10月2日	设置活动	特化蚁对决1-640 截至9.1服务器【✔】
10月1日	10月2日	设置活动	联盟远征（9月4号开的服，S1-S645）【10.2】开启【✔】
10月1日	10月3日	设置活动	主题活动4回归自然（截止9.17开的服）1-650【✔】
10月1日	10月3日	设置活动	礼包+分组预设【✔】
10月1日	10月3日	设置活动	礼包+分组预设【✔】
10月1日	10月4日	设置活动	活动预设+公布分组【✔】
10月1日	10月4日	设置活动	活动预设+公布分组【✔】
10月2日	10月9日	跨服联盟GVE：设置活动	"通服跨服联盟GVE S650-S651，截止9.21开的服+
S602-S645【客户端】
S591~S645【小程序】【✔】"
10月4日	10月4日	设置活动	"黑骑士【✔】
客户端S602~S645
小程序S591~S644"
10月4日	10月5日	设置活动	蚁群嘉年华1-650【✔】
10月4日	10月5日	设置活动	蚁群狂欢【1-650】【✔】
10月4日	10月7日	设置活动	VIP商店S1-S649【✔】
10月4日	10月16日	本服联盟GVE：设置活动	本服联盟GVE 开S655-S658，截止10.5开的服【✔】
10月8日	10月9日	设置活动	真菌&7充5；1-652【✔】
10月8日	10月9日	设置活动	联盟远征（9月11号开的服，S1-S647）【10.9】开启【✔】
10月8日	10月10日	设置活动	主题活动1万物新生（截止9.24开的服） 1-652【✔】
10月9日	10月16日	跨服联盟GVE：设置活动	跨服联盟GVE 开S652-S654，截止9.28开的服【✔】
10月11日	10月12日	设置活动	蚁群狂欢1-654【✔】
10月11日	10月12日	设置活动	猎虫UP池1-654【✔】
10月11日	10月14日	设置活动	VIP商店S1-S651【✔】
10月11日	10月23日	区域迁徙：设置礼包+分组	区域迁徙 S635-S647【✔】
10月11日	10月23日	本服联盟GVE：设置活动	本服联盟GVE 开S659-S660，截止10.12开的服【✔】
10月13日	10月15日	设置活动	杀敌邮件+开罩+土拨鼠礼包
10月13日	10月23日	区域迁徙：设置活动+公布分组	区域迁徙 S635-S647【✔】
10月15日	10月16日	设置活动	联盟远征（9月18号开的服，S1-S650）【10.16】开启【✔】
10月15日	10月17日	设置活动	蚁群派对【绒绒夹竹、美丽蛛蚁、红黑蚁、7星造纸胡蜂、硬树枝、面面俱到升星礼盒】1-657【✔】
10月15日	10月17日	设置活动	珍宝商店【秋月，蜜巢】1-657【✔】
10月15日	10月17日	设置活动	小事典1-657【✔】
10月15日	10月17日	设置活动	主题活动2潮起潮落 1-655（截止10.1开的服）【✔】
10月15日	10月17日	设置活动	礼包+分组预设【✔】
10月15日	10月18日	设置活动	活动预设+公布分组【✔】
10月16日	10月17日	设置活动	特化蚁对决1-650 截至9.17服务器【✔】
10月16日	10月23日	跨服联盟GVE：设置活动	跨服联盟GVE 开S655-S658，截止10.5开的服【✔】
10月18日	10月18日	设置活动	"黑骑士【✔】
客户端S602~S645
小程序S591~S644"
10月18日	10月21日	设置活动	VIP商店S1-S654【✔】
10月18日	10月30日	区域迁徙：设置礼包+分组	区域迁徙 S632-S640【✔】
10月18日	10月30日	本服联盟GVE：设置活动	本服联盟GVE 开S661-S664，截止10.19开的服【✔】
10月20日	10月30日	区域迁徙：设置活动+公布分组	区域迁徙 S632-S640【✔】
10月22日	10月23日	设置活动	蜂群宝藏（青铜、黄蛛、红黑）1—639【✔】
10月22日	10月23日	设置活动	基因连储&7充5;1~659【✔】
10月22日	10月23日	设置活动	联盟远征（9月25号开的服，S1-S652）【10.23】开启【✔】
10月22日	10月24日	设置活动	主题活动3旱季来临（截止10.8开的服） S1-S659【✔】
10月22日	10月24日	设置活动	礼包【✔】
10月23日	10月30日	跨服联盟GVE：设置活动	跨服联盟GVE 开S659-S660，截止10.12开的服【✔】
10月25日	10月26日	设置活动	蚁群狂欢1-660【✔】
10月25日	10月26日	设置活动	分组预设+活动预设+公布分组【✔】
10月25日	10月28日	设置活动	VIP商店S1-S658【✔】
10月25日	11月6日	本服联盟GVE：设置活动	本服联盟GVE 开S665-S667，截止10.26开的服【✔】
10月29日	10月30日	设置活动	联盟远征（10月2号开的服，S1-S657）【10.30】开启【✔】
10月29日	10月31日	设置活动	洞穴探险（翠叶青莲行军、黑金蛛蚁、尼特纳、7星大魔花螳螂、6星帝王蝎、硬树枝）1-662【✔】
10月29日	10月31日	设置活动	珍宝商店【秋月，蜜巢，暗卉巫灵，风雪金玲，改造精华】【✔】
10月29日	10月31日	设置活动	主题活动4回归自然（截止10.15开的服）1-661【✔】
10月30日	11月6日	跨服联盟GVE：设置活动	"通服跨服联盟GVE S661-S664，截止10.19开的服+
S630-S658【客户端】
S620~S657【小程序】【✔】"
10月31日	11月1日	设置活动	特化蚁对决1-650 截至10.2服务器【✔】
11月1日	11月1日	设置活动	"黑骑士【✔】
客户端S630~S658
小程序S620~S657"
11月1日	11月4日	设置活动	VIP商店S1-S660【✔】
11月1日	11月13日	本服联盟GVE：设置活动	本服联盟GVE 开S668-S670，截止11.2开的服【✔】
11月5日	11月6日	设置活动	细菌连储&7充5;1-666【✔】
11月5日	11月6日	设置活动	蚁后对决，全服开启，（共计45天）新服需要手动开启 注意！如果不是停服期间开活动那就必须预设08:15开！！！！！！【✔】
11月5日	11月6日	设置活动	联盟远征（10月9号开的服，S1-S659）【11.06】开启【✔】
11月5日	11月7日	设置活动	蚁群狂欢1-666【✔】
11月5日	11月7日	设置活动	主题活动1万物新生（截止10.22开的服） 1-666【✔】
11月5日	11月7日	设置活动	十连抽，新服手动开启【✔】
11月6日	11月13日	跨服联盟GVE：设置活动	跨服联盟GVE 开S665-S667，截止10.26开的服【✔】
11月8日	11月11日	设置活动	VIP商店S1-S664【✔】
11月8日	11月20日	区域迁徙：设置礼包+分组	区域迁徙 S649-S659【✔】
11月8日	11月20日	区域迁徙：设置礼包+分组	区域迁徙 S641-S650【✔】
11月8日	11月20日	本服联盟GVE：设置活动	本服联盟GVE 开S671-S673，截止11.9开的服【✔】
11月10日	11月11日	设置活动	1-667双11礼包【✔】
11月10日	11月20日	区域迁徙：设置活动+公布分组	区域迁徙 S649-S659【✔】
11月10日	11月20日	区域迁徙：设置活动+公布分组	区域迁徙 S641-S650【✔】
11月12日	11月13日	设置活动	联盟远征（10月16号开的服，S1-S662）【11.13】开启【✔】
11月12日	11月14日	设置活动	风中飞翔【卷心精灵主堡、青铜蚁、黄蛛蚁、7星沙漠铁甲虫、6星溪蟹、硬树枝】1-669【✔】
11月12日	11月14日	设置活动	珍宝商店【秋月，蜜巢，暗卉巫灵，风雪金玲, 改造精华】1-669【✔】
11月12日	11月14日	设置活动	大事典活动（投放橙色农场皮肤）1-669【✔】
11月12日	11月14日	设置活动	主题活动2潮起潮落 1-669（截止10.29开的服）【✔】
11月12日	11月14日	设置活动	礼包+分组预设【✔】
11月12日	11月14日	设置活动	礼包+分组预设【✔】
11月12日	11月15日	设置活动	活动预设+公布分组【✔】
11月12日	11月15日	设置活动	活动预设+公布分组【✔】
11月13日	11月20日	跨服联盟GVE：设置活动	跨服联盟GVE 开S668-S670，截止11.2开的服【✔】
11月15日	11月15日	设置活动	"黑骑士【✔】
客户端S630~S662
小程序S620~S664"
11月15日	11月16日	设置活动	特化蚁对决1-660 截至10.17服务器【✔】
11月15日	11月18日	设置活动	VIP商店S1-S667【✔】
11月15日	11月27日	本服联盟GVE：设置活动	本服联盟GVE 开S674-S675，截止11.16开的服【✔】
11月19日	11月20日	设置活动	蚁群嘉年华 1-671【✔】
11月19日	11月20日	设置活动	蜂群宝藏（青铜;黄蛛;红黑;兵种改造宝箱）1-651【✔】
11月19日	11月20日	设置活动	特化蚁连储&7充5 1-671【✔】
11月19日	11月20日	设置活动	联盟远征（10月23号开的服，S1-S666）【11.20】开启【✔】
11月19日	11月21日	设置活动	主题活动3旱季来临（截止11.5开的服） S1-S671【✔】
11月20日	11月27日	跨服联盟GVE：设置活动	跨服联盟GVE 开S671-S673，截止11.9开的服【✔】
11月22日	11月23日	设置活动	蚁群狂欢（新包裝-蚁群盛宴）1-672【✔】
11月22日	11月25日	设置活动	VIP商店S1-S670【✔】
11月22日	12月4日	本服联盟GVE：设置活动	本服联盟GVE 开S676-S678，截止11.23开的服【✔】
11月26日	11月27日	设置活动	联盟远征（10月30号开的服，S1-S669）【11.27】开启【✔】
11月26日	11月28日	设置活动	"【冷衫果】（黑金蛛蚁、
刺甲蚁、7星红巨鞭蝎、面面俱到、硬树枝）1-674【✔】"
11月26日	11月28日	设置活动	珍宝商店【秋月，蜜巢，暗卉巫灵，风雪金玲, 改造精华】1-674【✔】
11月26日	11月28日	设置活动	主题活动4回归自然（截止11.12开的服）1-673【✔】
11月27日	12月4日	跨服联盟GVE：设置活动	"通服跨服联盟GVE S674-S675，截止11.16开的服+
S632-S668【客户端】
S623-S670【小程序】【✔】"
11月29日	11月29日	设置活动	"黑骑士【✔】
客户端S630~S668
小程序S620~S670"
11月29日	11月30日	设置活动	蚁群狂欢3日不刷1-675【✔】
11月29日	12月2日	设置活动	VIP商店S1-S673【✔】
11月29日	12月11日	本服联盟GVE：设置活动	本服联盟GVE 开S679-S682，截止11.30开的服【✔】
11月30日	12月1日	设置活动	特化蚁对决1-670 截至11.1服务器【✔】
12月3日	12月4日	设置活动	野怪连储&7充5；1-676【✔】
12月3日	12月4日	设置活动	联盟远征（11月6号开的服，S1-S671）【12.04】开启【✔】
12月3日	12月5日	设置活动	蚁群狂欢1-677【✔】
12月3日	12月5日	设置活动	主题活动1万物新生（截止11.19开的服） 1-676【✔】
12月3日	12月5日	设置活动	特化蚁UP池（死神蚁）1-678【✔】
12月4日	12月11日	跨服联盟GVE：设置活动	跨服联盟GVE 开S676-S678，截止11.23开的服【✔】
12月6日	12月9日	设置活动	VIP商店S1-S675【✔】
12月6日	12月18日	区域迁徙：设置礼包+分组	区域迁徙 S661-S667【✔】
12月6日	12月18日	区域迁徙：设置礼包+分组	区域迁徙 S652-S658【✔】
12月6日	12月18日	本服联盟GVE：设置活动	本服联盟GVE 开S683-S685，截止12.7开的服【✔】
12月7日	12月8日	设置活动	双倍券BP活动;客户端:1~630；小程序服:205~647【✔】
12月8日	12月18日	区域迁徙：设置活动+公布分组	区域迁徙 S661-S667【✔】
12月8日	12月18日	区域迁徙：设置活动+公布分组	区域迁徙 S652-S658【✔】
12月10日	12月11日	设置活动	"落潮海岸（红黑蚁、美丽蛛蚁、7星赤锯锹甲虫、6星帝王蝎、硬树枝）1-680;礼包29680开到兑换期【✔】
新增限时特供：野怪星级转换礼包9.99$ 活动服开，多开一天 12.11-12.17【✔】"
12月10日	12月11日	设置活动	珍宝商店【秋月，蜜巢，暗卉巫灵，风雪金玲, 改造精华】1-680【✔】
12月10日	12月11日	设置活动	联盟远征（11月13号开的服，S1-S674）【12.11】开启【✔】
12月10日	12月12日	设置活动	主题活动2潮起潮落 1-680（截止11.26开的服）【✔】
12月10日	12月12日	设置活动	礼包+分组预设【✔】
12月10日	12月12日	设置活动	礼包+分组预设【✔】
12月10日	12月12日	设置活动	特殊回流【✔】
12月10日	12月13日	设置活动	活动预设+公布分组【✔】
12月10日	12月13日	设置活动	活动预设+公布分组【✔】
12月11日	12月18日	跨服联盟GVE：设置活动	跨服联盟GVE 开S679-S682，截止11.30开的服【✔】
12月13日	12月13日	设置活动	"黑骑士【✔】
客户端S630~S674
小程序S620~S675"
12月13日	12月16日	设置活动	VIP商店S1-S678【✔】
12月13日	12月25日	本服联盟GVE：设置活动	本服联盟GVE 开S686-S688，截止12.14开的服【✔】
12月15日	12月16日	设置活动	特化蚁对决1-670 截至11.16服务器【✔】
12月16日	12月17日	设置活动	[1]蚁群嘉年华1-683【✔】
12月16日	12月17日	设置活动	[1]蜂群宝藏（青铜;黄蛛;红黑蚁; 美丽蚁;兵种改造宝箱）1-664【✔】
12月17日	12月18日	设置活动	[1]兵种改造连储&7充5；1-683【✔】
12月17日	12月18日	设置活动	联盟远征（11月20号开的服，S1-S677）【12.18】开启【✔】
12月17日	12月19日	设置活动	主题活动3旱季来临（截止12.3开的服） S1-S683【✔】
12月17日	12月20日	设置活动	1-685[1]蚁群狂欢（盛宴）【✔】
12月18日	12月25日	跨服联盟GVE：设置活动	跨服联盟GVE 开S683-S685，截止12.7开的服【✔】
12月20日	12月23日	设置活动	VIP商店S1-S682【✔】
12月20日	1月1日	本服联盟GVE：设置活动	本服联盟GVE 开S689-S692，截止12.21开的服【✔】
12月22日	12月23日	设置活动	周末狂欢页签【✔】
12月24日	12月25日	设置活动	[1]蚁群派对【圣诞行军皮肤、浮光蚁、刺甲切叶蚁，7星大魔花螳螂、硬树枝】】1-686【✔】
12月24日	12月25日	设置活动	珍宝商店【秋月，蜜巢，暗卉巫灵，风雪金玲, 改造精华】1-686【✔】
12月24日	12月25日	设置活动	圣诞大事典活动&勋章1-686【✔】
12月24日	12月25日	设置活动	圣诞树活动（樱花树换皮）1-686【✔】
12月24日	12月25日	设置活动	双”蛋“签到（14签10）；1-686-老服；687-最新的服【✔】
12月24日	12月25日	设置活动	蚁后对决，全服开启，（共计45天）新服需要手动开启 注意！如果不是停服期间开活动那就必须预设08:15开！！！！！！【✔】
12月24日	12月25日	设置活动	联盟远征（11月27号开的服，S1-S680）【12.25】开启【✔】
12月24日	12月26日	设置活动	主题活动4回归自然（截止12.10开的服）1-686【✔】
12月25日	1月1日	跨服联盟GVE：设置活动	"通服跨服联盟GVE S686-S688，截止12.14开的服+
S660-S682【客户端】
S649-S681【小程序】【✔】"
12月27日	12月27日	设置活动	"黑骑士【✔】
客户端S660~S682
小程序S649~S681"
12月27日	12月30日	设置活动	VIP商店S1-S685【✔】
12月27日	1月8日	区域迁徙：设置礼包+分组	区域迁徙 S669-S678【✔】
12月27日	1月8日	区域迁徙：设置礼包+分组	区域迁徙 S660-S671【✔】
12月27日	1月8日	本服联盟GVE：设置活动	本服联盟GVE 开S693-S694，截止12.28开的服【✔】
12月29日	12月30日	设置活动	双倍券BP活动;客户端:1~658；小程序服:205~647【✔】
12月29日	12月30日	设置活动	周末狂欢页签【✔】
12月29日	12月30日	设置活动	"目标用户：2022年9月24日~2023年12月22日注册用户，近7天内有登录但7天及以上未任何付费
连续停氪天数：7
活动时间：2023/12/30 到 2024/1/7
开启渠道：全渠道【✔】"
12月29日	1月8日	区域迁徙：设置活动+公布分组	区域迁徙 S669-S678【✔】
12月29日	1月8日	区域迁徙：设置活动+公布分组	区域迁徙 S660-S671【✔】
12月30日	12月31日	设置活动	特化蚁对决1-680 截至12.1服务器【✔】
12月31日	1月1日	设置活动	基因连储&7充5【✔】
12月31日	1月1日	设置活动	联盟远征（12月4号开的服，S1-S683）【1.1】开启【✔】
12月31日	1月2日	设置活动	三日页签（24年新年页签）【✔】
12月31日	1月2日	设置活动	主题活动1万物新生（截止12.17开的服） 1-689【✔】
12月31日	1月2日	设置活动	礼包+分组预设【✔】
12月31日	1月2日	设置活动	礼包+分组预设【✔】
12月31日	1月3日	设置活动	活动预设+公布分组【✔】
12月31日	1月3日	设置活动	活动预设+公布分组【✔】
1月1日	1月8日	跨服联盟GVE：设置活动	跨服联盟GVE 开S689-S692，截止12.21开的服【✔】
1月3日	1月6日	设置活动	VIP商店S1-S688【✔】
1月3日	1月15日	本服联盟GVE：设置活动	本服联盟GVE 开S695-S696，截止1.4开的服【✔】
1月5日	1月6日	设置活动	周末狂欢页签【✔】
1月5日	1月7日	设置活动	土拨鼠、罩子、补偿√
1月7日	1月8日	设置活动	联盟远征（12月11号开的服，S1-S688）【1.8】开启【✔】
1月7日	1月9日	设置活动	"洞穴探险【✔】
S1三次服：霜糖雪堡主堡皮肤、黑金蛛蚁、1代特化蚁自选宝箱
、6星沙漠铁甲虫、硬树枝【客户端2-460，小程序205-484】
S1非三次服：霜糖雪堡主堡皮肤、黑金蛛蚁、青铜蚁、6星沙漠铁甲虫、
硬树枝【客户端464-691，小程序485-692】"
1月7日	1月9日	设置活动	珍宝商店【秋月，蜜巢，暗卉巫灵，风雪金玲, 改造精华】1-692【✔】
1月7日	1月9日	设置活动	小事典 1-692【✔】
1月7日	1月9日	设置活动	主题活动2潮起潮落 1-692（截止12.24开的服）【✔】
1月8日	1月15日	跨服联盟GVE：设置活动	跨服联盟GVE 开S693-S694，截止12.28开的服【✔】
1月10日	1月10日	设置活动	"黑骑士【✔】
客户端S660~S687
小程序S649~S688"
1月10日	1月13日	设置活动	VIP商店S1-S692【✔】
1月10日	1月22日	本服联盟GVE：设置活动	本服联盟GVE 开S697-S698，截止1.11开的服【✔】
1月12日	1月14日	设置活动	土拨鼠√
1月14日	1月15日	设置活动	细菌连储&7充5; 1-692,12.24及之前开的服【✔】
1月14日	1月15日	设置活动	特化蚁对决1-680 截至12.16服务器【✔】
1月14日	1月15日	设置活动	联盟远征（12月18号开的服，S1-S690）【1.15】开启【✔】
1月14日	1月16日	设置活动	蚁群狂欢1-694【✔】
1月14日	1月16日	设置活动	主题活动3旱季来临（截止12.31开的服） S1-S694【✔】
1月14日	1月17日	设置活动	十连抽，新服手动开启【✔】
1月15日	1月22日	跨服联盟GVE：设置活动	跨服联盟GVE 开S695-S696，截止1.4开的服【✔】
1月17日	1月20日	设置活动	VIP商店S1-S694【✔】
1月17日	1月29日	区域迁徙：设置礼包+分组	区域迁徙 S673-S679【✔】
1月17日	1月29日	本服联盟GVE：设置活动	本服联盟GVE 开S699-S700，截止1.18开的服【✔】
1月18日	1月19日	设置活动	蜂群宝藏1-678【✔】（青铜;黄蛛;红黑蚁; 美丽蛛蚁;兵种改造宝箱，黑金蜘蛛）
1月19日	1月20日	设置活动	周末狂欢页签【✔】
1月19日	1月21日	设置活动	土拨鼠、罩子、邮件√
1月19日	1月29日	区域迁徙：设置活动+公布分组	区域迁徙 S673-S679【✔】
1月21日	1月22日	设置活动	联盟远征（12月25号开的服，S1-S692）【1.22】开启【✔】
1月21日	1月23日	设置活动	野怪礼包同步上【限购次数调整2】1-697【✔】
1月21日	1月23日	设置活动	"蚁群派对【强力野怪同步上】【✔】
S1三次服：浮光蚁、美丽蛛蚁、7星金斑虎甲、硬树枝【客户端2-460，小程序205-484】
S1未三次服：美丽蛛蚁、幽灵蚁、7星金斑虎甲、硬树枝【客户端464-697，小程序485-696】"
1月21日	1月23日	设置活动	珍宝商店【秋月，蜜巢，暗卉巫灵，风雪金玲, 改造精华】1-697【✔】
1月21日	1月23日	设置活动	主题活动4回归自然（截止1.7开的服）1-696【✔】
1月21日	1月23日	设置活动	礼包+分组预设【✔】
1月21日	1月24日	设置活动	活动预设+公布分组【✔】
1月22日	1月29日	跨服联盟GVE：设置活动	"通服跨服联盟GVE S697-S698，截止1.11开的服+
S660-S693【客户端】
S649-S694【小程序】【✔】"
1月24日	1月24日	设置活动	"黑骑士【✔】
客户端S660~S693
小程序S649~S694"
1月24日	1月27日	设置活动	VIP商店S1-S696 【✔】
1月24日	2月5日	区域迁徙：设置礼包+分组	区域迁徙 S680-S686【✔】
1月24日	2月5日	本服联盟GVE：设置活动	本服联盟GVE 开S701-S702，截止1.25开的服【✔】
1月26日	1月27日	设置活动	周末狂欢页签【✔】
1月26日	1月28日	设置活动	土拨鼠【✔】
1月26日	2月5日	区域迁徙：设置活动+公布分组	区域迁徙 S680-S686【✔】
1月28日	1月29日	设置活动	蚁群狂欢（盛宴）1-698【✔】
1月28日	1月29日	设置活动	野怪连储&7充5；1-697【✔】
1月28日	1月29日	设置活动	联盟远征（1月1号开的服，S1-S695）【1.29】开启【✔】
1月28日	1月30日	设置活动	主题活动1万物新生（截止1.14开的服） 1-698【✔】
1月28日	1月30日	设置活动	礼包预设【✔】
1月29日	1月30日	设置活动	特化蚁对决1-690 截至12.31服务器694【✔】
1月29日	2月5日	跨服联盟GVE：设置活动	跨服联盟GVE 开S699-S700，截止1.18开的服【✔】
1月31日	2月1日	设置活动	分组预设+活动确认&预设+公布分组【✔】
1月31日	2月3日	设置活动	VIP商店S1-S698【✔】
1月31日	2月12日	区域迁徙：设置礼包+分组	区域迁徙 S681-S692【✔】
1月31日	2月12日	本服联盟GVE：设置活动	本服联盟GVE 开S703-S704，截止2.1开的服【✔】
2月2日	2月3日	设置活动	周末狂欢页签【✔】
2月2日	2月4日	设置活动	土拨鼠、罩子、邮件√
2月2日	2月12日	区域迁徙：设置活动+公布分组	区域迁徙 S681-S692【✔】
2月4日	2月5日	设置活动	双倍券BP活动；客户端1~658;小程序205~667【✔】
2月4日	2月5日	设置活动	联盟远征（1月8号开的服，S1-S697）【2.5】开启【✔】
2月4日	2月5日	设置活动	礼包预设+活动确认【✔】
2月4日	2月6日	设置活动	主题活动2潮起潮落 1-700（截止1.21开的服）【✔】
2月5日	2月12日	跨服联盟GVE：设置活动	跨服联盟GVE 开S701-S702，截止1.25开的服【✔】
2月7日	2月7日	设置活动	"黑骑士【✔】
客户端S658~S697
小程序S669~S698"
2月7日	2月8日	设置活动	分组预设&预设+公布分组【✔】
2月7日	2月8日	设置活动	2.8-3.8特殊回流【✔】
2月7日	2月10日	设置活动	VIP商店S1-S700【✔】
2月7日	2月19日	本服联盟GVE：设置活动	本服联盟GVE 开S705-S707，截止2.8开的服【✔】
2月9日	2月10日	设置活动	【*】强力特化蚁-荧光【客户端2-540】【小程序205-540】【✔】
2月9日	2月10日	设置活动	"落潮海岸【✔】
【*】S1三次服：春节主堡皮肤、荧光蚁、刺甲蚁、7星赤锯锹甲虫、6星造纸胡蜂、硬树枝【客户端2-540】【小程序205-540】
S1非三次服：春节主堡皮肤、尼特纳巨首蚁、红黑蚁、7星赤锯锹甲虫、6星造纸胡蜂、硬树枝【541~702】"
2月9日	2月10日	设置活动	【*】珍宝商店【秋月，蜜巢，暗卉巫灵，风雪金玲, 改造精华】1~702【✔】
2月9日	2月10日	设置活动	【*】春节签到【新老服，开服60天界限】1~688；689~最新服【✔】
2月9日	2月10日	设置活动	【*】春节大事典&头像框；1~702【✔】
2月9日	2月10日	设置活动	【*】春节树活动；1~702【✔】
2月9日	2月10日	设置活动	【*】春节七日连储;1~700【✔】
2月9日	2月11日	设置活动	土拨鼠【✔】
2月11日	2月12日	设置活动	蚁后对决，全服开启，（共计45天）新服需要手动开启 注意！如果不是停服期间开活动那就必须预设08:15开！！！！！！【✔】
2月11日	2月12日	设置活动	联盟远征（1月15号开的服，S1-S699）【2.12】开启【✔】
2月11日	2月13日	设置活动	主题活动3旱季来临（截止1.28开的服） S1-S703【✔】
2月12日	2月19日	跨服联盟GVE：设置活动	跨服联盟GVE 开开S703-S704，截止2.1开的服【✔】
2月13日	2月14日	设置活动	特化蚁对决1-690 截至1.15服务器699【✔】
2月14日	2月17日	设置活动	VIP商店S1-S702【✔】
2月14日	2月26日	本服联盟GVE：设置活动	本服联盟GVE 开S708-S709，截止2.15开的服【✔】
2月16日	2月17日	设置活动	周末狂欢页签S1-S702【✔】
2月16日	2月18日	设置活动	土拨鼠、罩子、邮件【✔】
2月18日	2月19日	设置活动	【*】蚁群嘉年华;1~705【✔】
2月18日	2月19日	设置活动	【*】蜂群宝藏(青铜;黄蛛;红黑蚁;美丽蛛蚁;兵种改造宝箱;黑金蜘蛛)1~692【✔】
2月18日	2月19日	设置活动	真菌连储&7充5；1~703【✔】
2月18日	2月19日	设置活动	联盟远征（1月22号开的服，S1-S701）【2.19】开启【✔】
2月18日	2月20日	设置活动	主题活动4回归自然（截止2.4开的服）1-705【✔】
2月19日	2月26日	跨服联盟GVE：设置活动	"通服跨服联盟GVE S705-S707，截止2.8开的服+
S660-S701【客户端】
S669-S702【小程序】【✔】"
2月21日	2月21日	设置活动	"黑骑士【✔】
客户端S660~S701
小程序S669~S702"
2月21日	2月22日	设置活动	蚁群狂欢；1-707【✔】
2月21日	2月22日	设置活动	猎虫up；1-707【✔】
2月21日	2月24日	设置活动	VIP商店S1-S704【✔】
2月21日	3月4日	区域迁徙：设置礼包+分组	区域迁徙 S687-S695【✔】
2月21日	3月4日	本服联盟GVE：设置活动	本服联盟GVE 开S710-S712，截止2.22开的服【✔】
2月23日	2月25日	设置活动	土拨鼠【✔】
2月23日	3月4日	区域迁徙：设置活动+公布分组	区域迁徙 S687-S695【✔】
2月25日	2月26日	设置活动	"洞穴探险【✔】
【*】S1三次服：浮光蚁、2代特化蚁自选宝箱、7星大魔花、面面俱到、硬树枝【客户端2-540】【小程序205-540】
S1非三次服：黑金蛛蚁、7星大魔花螳螂、面面俱到升星礼盒、硬树枝【541-708】"
2月25日	2月26日	设置活动	珍宝商店[秋月,蜜巢,暗卉巫灵,风雪金玲,改造精华,溢彩圣诞主堡皮肤,幸福甜蜜行军皮肤];1-708【✔】
2月25日	2月26日	设置活动	联盟远征（1月29号开的服，S1-S703）【2.26】开启【✔】
2月25日	2月26日	设置活动	礼包+分组预设【✔】
2月25日	2月27日	设置活动	主题活动1万物新生（截止2.11开的服） 1-708【✔】
2月25日	2月28日	设置活动	活动预设+公布分组【✔】
2月26日	3月4日	跨服联盟GVE：设置活动	跨服联盟GVE 开S708-S709，截止2.15开的服【✔】
2月28日	2月29日	设置活动	特化蚁对决1-700 截至1.30服务器704【✔】
2月28日	3月2日	设置活动	VIP商店S1-S707【✔】
2月28日	3月11日	区域迁徙：设置礼包+分组	区域迁徙 S694-S702【✔】
2月28日	3月11日	本服联盟GVE：设置活动	本服联盟GVE 开S713-S714，截止2.29开的服【✔】
3月1日	3月2日	设置活动	周末狂欢页签S1-S707【✔】
3月1日	3月3日	设置活动	土拨鼠、罩子、邮件【✔】
3月1日	3月11日	区域迁徙：设置活动+公布分组	区域迁徙 S694-S702【✔】
3月3日	3月4日	设置活动	蚁群狂欢（盛宴）1-709【✔】
3月3日	3月4日	设置活动	兵种改造连储&7充5；1-708【✔】
3月3日	3月4日	设置活动	联盟远征（2月5号开的服，S1-S705）【3.4】开启【✔】
3月3日	3月4日	设置活动	礼包预设+活动确认【✔】
3月3日	3月5日	设置活动	主题活动2潮起潮落 1-710（截止2.18开的服）【✔】
3月4日	3月11日	跨服联盟GVE：设置活动	跨服联盟GVE 开S710-S712，截止2.22开的服【✔】
3月6日	3月6日	设置活动	"黑骑士【✔】
客户端S680-S707
小程序S669-S706"
3月6日	3月7日	设置活动	分组&活动预设+公布分组【✔】
3月6日	3月9日	设置活动	VIP商店S1-S709【✔】
3月6日	3月18日	本服联盟GVE：设置活动	本服联盟GVE 开S715-S716，截止3.7开的服【✔】
3月7日	3月8日	设置活动	"双倍券BP活动；客户端1~679;小程序205~667
（开过赛季预告的服务器）【✔】"
3月8日	3月10日	设置活动	土拨鼠【✔】
3月10日	3月11日	设置活动	联盟远征（2月12号开的服，S1-S708）【3.11】开启【✔】
3月10日	3月12日	设置活动	野怪礼包同步上【✔】
3月10日	3月12日	设置活动	新标头展示活动-荧光蝎，荧光蚁，和风中飞翔同步开启【✔】[2-712]
3月10日	3月12日	设置活动	"风中飞翔
S1三次服：荧光蚁、黑金蛛蚁、7星荧光蝎、硬树枝【客户端2-600】【小程序205-590】【✔】
S1非三次服：美丽蛛蚁、7星荧光蝎、硬树枝【2-712】【✔】"
3月10日	3月12日	设置活动	珍宝商店【秋月，蜜巢，暗卉巫灵，风雪金玲, 改造精华、溢彩圣诞主堡皮肤、幸福甜蜜行军皮肤】【✔】
3月10日	3月12日	设置活动	主题活动3旱季来临（截止2.25开的服） S1-S712【✔】
3月11日	3月18日	跨服联盟GVE：设置活动	跨服联盟GVE 开S713-S714，截止2.29开的服【✔】
3月13日	3月16日	设置活动	VIP商店S1-S712【✔】
3月13日	3月25日	区域迁徙：设置礼包+分组	区域迁徙 S687-S695【✔】
3月13日	3月25日	本服联盟GVE：设置活动	本服联盟GVE 开S717-S718，截止3.14开的服【✔】
3月14日	3月15日	设置活动	特化蚁对决1-700 截至2.14服务器709【✔】
3月15日	3月16日	设置活动	周末狂欢页签S1-S712【✔】
3月15日	3月17日	设置活动	土拨鼠、罩子、邮件【✔】
3月15日	3月25日	区域迁徙：设置活动+公布分组	区域迁徙 S687-S695【✔】
3月17日	3月18日	设置活动	蜂群宝藏(青铜;黄蛛;红黑蚁;美丽蛛蚁;黑金蛛蚁;荧光蚁;兵种改造宝箱);1~700【✔】
3月17日	3月18日	设置活动	基因连储&7充5；1-712【✔】
3月17日	3月18日	设置活动	联盟远征（2月19号开的服，S1-S710）【3.18】开启【✔】
3月17日	3月18日	设置活动	礼包+分组预设+活动确认【✔】
3月17日	3月19日	设置活动	主题活动4回归自然（截止3.3开的服）1-714【✔】
3月17日	3月20日	设置活动	活动预设+公布分组【✔】
3月18日	3月25日	跨服联盟GVE：设置活动	"通服跨服联盟GVE S715-S716，截止3.7开的服+
S1-S711【客户端】
S205-S712【小程序】【✔】"
3月20日	3月20日	设置活动	"黑骑士【✔】
客户端S1-S711
小程序S205-S712"
3月20日	3月21日	设置活动	蚁群狂欢1-716【✔】
3月20日	3月21日	设置活动	特化蚁UP池（死神蚁） 1-716【✔】
3月20日	3月23日	设置活动	VIP商店S1-S714【✔】
3月20日	4月1日	区域迁徙：设置礼包+分组	区域迁徙 S694-S702【✔】
3月20日	4月1日	本服联盟GVE：设置活动	本服联盟GVE 开S719-S720，截止3.21开的服【✔】
3月22日	3月24日	设置活动	土拨鼠【✔】
3月22日	4月1日	区域迁徙：设置活动+公布分组	区域迁徙 S694-S702【✔】
3月24日	3月25日	设置活动	联盟远征（2月26号开的服，S1-S712）【3.25】开启【✔】
3月24日	3月25日	设置活动	礼包预设+活动确认【✔】
3月24日	3月26日	设置活动	"落潮海岸【✔】
S1三次服：蓝蜓幽幽、刺甲蚁、1代特化蚁打折宝箱、7星金斑虎甲、6星红巨鞭蝎、硬树枝【客户端2-600】【小程序205-590】
S1非三次服：蓝蜓幽幽、黑金蛛蚁、青铜蚁、7星金斑虎甲、6星红巨鞭蝎、硬树枝；591~717"
3月24日	3月26日	设置活动	珍宝商店【秋月,蜜巢,暗卉巫灵,风雪金玲, 改造精华,溢彩圣诞主堡皮肤,幸福甜蜜行军皮肤】1~717【✔】
3月24日	3月26日	设置活动	1.5周年大事典&农场橙色皮肤;1~717 【客户端1~679，小程序205~667】【客户端680-717，小程序669-716】【✔】
3月24日	3月26日	设置活动	1.5周年庆签到;【赛季服：客户端1~679；小程序205~667】【非赛季服：客户端680~722；小程序669~721，新服手动开】【✔】
3月24日	3月26日	设置活动	主题活动1万物新生（截止3.10开的服） 1-716【✔】
3月25日	4月1日	跨服联盟GVE：设置活动	跨服联盟GVE 开S717-S718，截止3.14开的服【✔】
3月27日	3月28日	设置活动	分组&活动预设+公布分组【✔】
3月27日	3月30日	设置活动	VIP商店S1-S716【✔】
3月27日	4月8日	区域迁徙：设置礼包+分组	区域迁徙 S697-S705【✔】
3月27日	4月8日	本服联盟GVE：设置活动	本服联盟GVE 开S721-S723，截止3.28开的服【✔】
3月29日	3月30日	设置活动	特化蚁对决1-710 截至2.29服务器714【✔】
3月29日	3月31日	设置活动	土拨鼠、罩子、邮件【✔】
3月29日	4月8日	区域迁徙：设置活动+公布分组	区域迁徙 S697-S705【✔】
3月31日	4月1日	设置活动	细菌连储&7充5；1-717【✔】
3月31日	4月1日	设置活动	蚁后对决，全服开启，（共计45天）新服需要手动开启 注意！如果不是停服期间开活动那就必须预设08:15开！！！！！！【✔】
3月31日	4月1日	设置活动	联盟远征（3月4号开的服，S1-S714）【4.1】开启【✔】
3月31日	4月1日	设置活动	礼包预设+活动确认【✔】
3月31日	4月2日	设置活动	主题活动2潮起潮落 1-720（截止3.17开的服）【✔】
3月31日	4月3日	设置活动	蚁群盛宴【✔】【1-160/600/720】
4月1日	4月8日	跨服联盟GVE：设置活动	跨服联盟GVE 开S719-S720，截止3.21开的服【✔】
4月3日	4月3日	设置活动	"黑骑士【✔】
客户端S1-S715
小程序S205-S716"
4月3日	4月4日	设置活动	分组&活动预设+公布分组【✔】
4月3日	4月6日	设置活动	VIP商店S1-S718【✔】
4月3日	4月15日	本服联盟GVE：设置活动	本服联盟GVE 开S724-S726，截止4.4开的服【✔】
4月5日	4月6日	设置活动	周末狂欢页签【✔】
4月5日	4月7日	设置活动	土拨鼠【✔】
4月7日	4月8日	设置活动	联盟远征（3月11号开的服，S1-S717）【4.8】开启【✔】
4月7日	4月9日	设置活动	野怪礼包同步上【✔】
4月7日	4月9日	设置活动	【*】野怪标头活动【拳击螳螂】【1-722】【✔】
4月7日	4月9日	设置活动	"【*】蚁群派对【野怪礼包同步上】[1-722]【✔】
S1三次服：浮光蚁、尼特纳巨首蚁、7星拳击螳螂、硬树枝【客户端2-600】【小程序205-590】
S1非三次服：尼特纳巨首蚁、幽灵蚁、7星拳击螳螂、硬树枝【客户端601-722】【小程序591-722】"
4月7日	4月9日	设置活动	珍宝商店【秋月，蜜巢，暗卉巫灵，风雪金玲, 改造精华、溢彩圣诞主堡皮肤、幸福甜蜜行军皮肤】【✔】
4月7日	4月9日	设置活动	主题活动3旱季来临（截止3.24开的服） S1-S722【✔】
4月8日	4月15日	跨服联盟GVE：设置活动	跨服联盟GVE 开S721-S723，截止3.28开的服【✔】
4月10日	4月13日	设置活动	VIP商店S1-S720【✔】
4月10日	4月22日	区域迁徙：设置礼包+分组	区域迁徙 S704-S714【✔】
4月10日	4月22日	本服联盟GVE：设置活动	本服联盟GVE 开S727-S728，截止4.11开的服【✔】
4月12日	4月14日	设置活动	土拨鼠、罩子、邮件【✔】
4月12日	4月22日	区域迁徙：设置活动+公布分组	区域迁徙 S704-S714【✔】
4月13日	4月14日	设置活动	特化蚁对决1-710 截至3.14服务器718【✔】
4月14日	4月15日	设置活动	蚁群嘉年华；1-724，截止3.31的服【✔】
4月14日	4月15日	设置活动	【*】蜂群宝藏【✔】（青铜、黄蛛、红黑蚁、 美丽蛛蚁、黑金蛛蚁、荧光蚁、浮光蚁、兵种改造宝箱）（荧光和浮光需要满S1三次服务器才开）1-710
4月14日	4月15日	设置活动	野怪连储&7充5；1-722，截止3.25服务器【✔】
4月14日	4月15日	设置活动	联盟远征（3月18号开的服，S1-S720）【4.15】开启【✔】
4月14日	4月15日	设置活动	礼包+分组预设+活动确认【✔】
4月14日	4月16日	设置活动	主题活动4回归自然（截止3.31开的服）1-724【✔】
4月14日	4月17日	设置活动	活动预设+公布分组【✔】
4月15日	4月22日	跨服联盟GVE：设置活动	"通服跨服联盟GVE S724-S726，截止4.4开的服+
S1-S719【客户端】
S205-S720【小程序】【✔】"
4月17日	4月17日	设置活动	"黑骑士【✔】
客户端S1-S719
小程序S205-S720"
4月17日	4月18日	设置活动	蚁群狂欢【1-160/161-600，205-590/601-726，591-726】【✔】
4月17日	4月18日	设置活动	【✔】特化蚁UP池(猎虫)客户端601-725;小程序591-726
4月17日	4月20日	设置活动	VIP商店S1-S723【✔】
4月17日	4月29日	区域迁徙：设置礼包+分组	区域迁徙 S707-S713【✔】
4月17日	4月29日	本服联盟GVE：设置活动	本服联盟GVE 开S729-S730，截止4.18开的服【✔】
4月19日	4月21日	设置活动	土拨鼠【✔】
4月19日	4月29日	区域迁徙：设置活动+公布分组	区域迁徙 S707-S713【✔】
4月21日	4月22日	设置活动	"洞穴探险【✔】
S1三次服：幻彩巨蟹、荧光蚁、黑金蛛蚁、6星造纸胡蜂、6星大魔花螳螂、硬树枝【客户端2-600】【小程序205-590】
S1非三次服：幻彩巨蟹、美丽蛛蚁、红黑蚁、6星造纸胡蜂、6星大魔花螳螂、硬树枝【客户端601+】【小程序591+】~726"
4月21日	4月22日	设置活动	珍宝商店【秋月，蜜巢，暗卉巫灵，风雪金玲, 改造精华、溢彩圣诞主堡皮肤、幸福甜蜜行军皮肤】【✔】
4月21日	4月22日	设置活动	小事典【1-726】【✔】
4月21日	4月22日	设置活动	联盟远征（3月25号开的服，S1-S722）【4.22】开启【✔】
4月21日	4月22日	设置活动	礼包预设+活动确认【✔】
4月21日	4月23日	设置活动	主题活动1万物新生（截止4.7开的服） 1-726【✔】
4月22日	4月29日	跨服联盟GVE：设置活动	跨服联盟GVE 开S727-S728，截止4.11开的服【✔】
4月24日	4月25日	设置活动	分组&活动预设+公布分组【✔】
4月24日	4月27日	设置活动	VIP商店S1-S726【✔】
4月24日	5月6日	本服联盟GVE：设置活动	本服联盟GVE 开S731-S732，截止4.25开的服【✔】
4月26日	4月28日	设置活动	土拨鼠、罩子、邮件【✔】
4月28日	4月29日	设置活动	*五一签到；【赛季服：客户端1~679服；小程序服：205~667服】【非赛季服：客户端680~731；小程序669~732】，新服手动开【✔】
4月28日	4月29日	设置活动	五一页签【✔】
4月28日	4月29日	设置活动	*5.1换皮连储&7充5；1~728【✔】
4月28日	4月29日	设置活动	特化蚁对决1-720 截至3.30服务器724【✔】
4月28日	4月29日	设置活动	联盟远征（4月1号开的服，S1-S724）【4.29】开启【✔】
4月28日	4月30日	设置活动	主题活动2潮起潮落 1-728（截止4.14开的服）【✔】
4月28日	4月30日	设置活动	十连抽，新服手动开启【✔】
4月29日	5月6日	跨服联盟GVE：设置活动	跨服联盟GVE 开S729-S730，截止4.18开的服【✔】
5月1日	5月1日	设置活动	"黑骑士【✔】
客户端S1-S725
小程序S205-S726"
5月1日	5月2日	设置活动	"双倍券BP活动；【✔】
（开过赛季预告的服务器）【客户端1~705；小程序205~702】"
5月1日	5月4日	设置活动	VIP商店S1-S728【✔】
5月1日	5月13日	本服联盟GVE：设置活动	本服联盟GVE 开S733-S734，截止5.2开的服【✔】
5月3日	5月4日	设置活动	周末狂欢页签S1-S728【✔】
5月3日	5月5日	设置活动	土拨鼠【✔】
5月5日	5月6日	设置活动	"*落潮海岸【✔】
S1三次服：狐獴野怪皮肤、刺甲蚁、美丽蛛蚁、7星荧光蝎、硬树枝 【客户端2-630，小程序205-620】
S1未三次服：狐獴野怪皮肤、黑金蛛蚁、青铜蚁、7星荧光蝎、硬树枝【客户端631~730，小程序621~730】"
5月5日	5月6日	设置活动	珍宝商店【秋月，蜜巢，暗卉巫灵，风雪金玲, 改造精华、溢彩圣诞主堡皮肤、幸福甜蜜行军皮肤】【✔】
5月5日	5月6日	设置活动	联盟远征（4月8号开的服，S1-S728）【5.6】开启【✔】
5月5日	5月7日	设置活动	主题活动3旱季来临（截止4.21开的服） S1-S730【✔】
5月6日	5月13日	跨服联盟GVE：设置活动	跨服联盟GVE 开S731-S732，截止4.25开的服【✔】
5月8日	5月11日	设置活动	VIP商店S1-S730【✔】
5月8日	5月20日	本服联盟GVE：设置活动	本服联盟GVE 开S735-S736，截止5.9开的服【✔】
5月10日	5月11日	设置活动	周末狂欢页签S1-S730【✔】
5月10日	5月12日	设置活动	土拨鼠、罩子、邮件【✔】
5月12日	5月13日	设置活动	"蜂群宝藏，截止3.15服务器1~718【✔】
（青铜、黄蛛、红黑蚁、 美丽蛛蚁、黑金蛛蚁、荧光蚁、浮光蚁、兵种改造宝箱*2）（荧光和浮光需要满S1三次服务器才开）"
5月12日	5月13日	设置活动	兵种改造连储&7充5；1~732【✔】
5月12日	5月13日	设置活动	联盟远征（4月15号开的服，S1-S730）【5.13】开启【✔】
5月12日	5月14日	设置活动	主题活动4回归自然（截止4.28开的服）1-732【✔】
5月12日	5月14日	设置活动	特殊回流【✔】
5月13日	5月14日	设置活动	特化蚁对决1-720 截至4.14服务器728【✔】
5月13日	5月20日	跨服联盟GVE：设置活动	"通服跨服联盟GVE S733-S734，截止5.2开的服+
S1-S729【客户端】
S205-S730【小程序】【✔】"
5月14日	5月20日	设置活动	世界BOSS;客户端1~705;小程序205~702【✔】
5月15日	5月15日	设置活动	"黑骑士【✔】
客户端S1-S729
小程序S205-S730"
5月15日	5月16日	设置活动	蚁群盛宴【✔】1-160/161-630，205-620/~734
5月15日	5月16日	设置活动	特化蚁UP池(死神)【✔】;客户端632~733,小程序623~734
5月15日	5月18日	设置活动	VIP商店S1-S732【✔】
5月15日	5月27日	区域迁徙：设置礼包+分组	区域迁徙 S716~S723【✔】
5月15日	5月27日	区域迁徙：设置礼包+分组	区域迁徙 S715~S724【✔】
5月15日	5月27日	本服联盟GVE：设置活动	本服联盟GVE 开S737-S738，截止5.16开的服【✔】
5月17日	5月19日	设置活动	土拨鼠【✔】
5月17日	5月27日	区域迁徙：设置活动+公布分组	区域迁徙 S716~S723【✔】
5月17日	5月27日	区域迁徙：设置活动+公布分组	区域迁徙 S715~S724【✔】
5月19日	5月20日	设置活动	"风中飞翔 【✔】
S1三次服：橡果盛宴行军皮肤、浮光蚁、7星金斑虎甲、6星红巨鞭蝎【客户端2-630，小程序205-620】
S1未三次服：橡树盛宴行军皮肤、尼特纳巨首蚁、幽灵蚁、7星金斑虎甲、6星红巨鞭蝎【客户端632~733，小程序623~734】"
5月19日	5月20日	设置活动	珍宝商店【秋月,蜜巢,暗卉巫灵,风雪金玲, 改造精华,溢彩圣诞主堡皮肤,幸福甜蜜行军皮肤】1~734【✔】
5月19日	5月20日	设置活动	小事典（瑞果庆典）【✔】【赛季服：客户端1~705;小程序205~702】【非赛季服：客户端707~733;小程序704~734】
5月19日	5月20日	设置活动	蚁后对决，全服开启，（共计45天）新服需要手动开启 注意！如果不是停服期间开活动那就必须预设08:15开！！！！！！【✔】
5月19日	5月20日	设置活动	联盟远征（4月22号开的服，S1-S732）【5.20】开启【✔】
5月19日	5月20日	设置活动	礼包+分组预设+活动确认【✔】
5月19日	5月20日	设置活动	礼包+分组预设+活动确认【✔】
5月19日	5月21日	设置活动	主题活动1万物新生（截止5.5开的服） 1-734【✔】
5月19日	5月22日	设置活动	活动预设+公布分组【✔】
5月19日	5月22日	设置活动	活动预设+公布分组【✔】
5月20日	5月27日	跨服联盟GVE：设置活动	跨服联盟GVE 开S735-S736，截止5.9开的服【✔】
5月21日	5月27日	设置活动	世界BOSS;客户端1~705;小程序205~702【✔】
5月22日	5月25日	设置活动	VIP商店S1-S734【✔】
5月22日	6月3日	本服联盟GVE：设置活动	本服联盟GVE 开S739-S740，截止5.23开的服【✔】
5月24日	5月26日	设置活动	土拨鼠、罩子、邮件【✔】
5月26日	5月27日	设置活动	蚁群狂欢1~736【✔】
5月26日	5月27日	设置活动	基因连储&7充5；1~736【✔】
5月26日	5月27日	设置活动	联盟远征（4月29号开的服，S1-S734）【5.27】开启【✔】
5月26日	5月27日	设置活动	蚂蚁寻宝;客户端1~705;小程序205~702【✔】
5月26日	5月28日	设置活动	主题活动2潮起潮落 1-736（截止5.12开的服）【✔】
5月27日	6月3日	跨服联盟GVE：设置活动	跨服联盟GVE 开S737-S738，截止5.16开的服【✔】
5月28日	5月29日	设置活动	特化蚁对决1-730 截至4.29服务器734【✔】
5月28日	6月3日	设置活动	世界BOSS;客户端1~705;小程序205~702【✔】
5月29日	5月29日	设置活动	"黑骑士【✔】
客户端S1-S733
小程序S205-S734"
5月29日	6月1日	设置活动	VIP商店S1-S736【✔】
5月29日	6月10日	本服联盟GVE：设置活动	本服联盟GVE 开S741-S742，截止5.30开的服【✔】
5月31日	6月1日	设置活动	周末狂欢页签S1-S736【✔】
5月31日	6月2日	设置活动	土拨鼠【✔】
6月2日	6月3日	设置活动	夏日签到，全服1~742【✔】
6月2日	6月3日	设置活动	联盟远征（5月6号开的服，S1-S736）【6.3】开启【✔】
6月2日	6月4日	设置活动	"蜂群宝藏【1-726】【✔】
（青铜、黄蛛、红黑蚁、 美丽蛛蚁、黑金蛛蚁、荧光蚁、浮光蚁、兵种改造宝箱*2）（荧光和浮光需要满S1三次服务器才开）"
6月2日	6月4日	设置活动	主题活动3旱季来临（截止5.19开的服） S1-S738【✔】
6月3日	6月10日	跨服联盟GVE：设置活动	跨服联盟GVE 开S739-S740，截止5.23开的服【✔】
6月4日	6月10日	设置活动	世界BOSS；客户端1~705;小程序205~702【✔】
6月5日	6月8日	设置活动	VIP商店S1-S738【✔】
6月5日	6月17日	本服联盟GVE：设置活动	本服联盟GVE 开S743-S744，截止6.6开的服【✔】
6月7日	6月8日	设置活动	周末狂欢页签S1-S738【✔】
6月7日	6月9日	设置活动	土拨鼠、罩子、邮件【✔】
6月9日	6月10日	设置活动	"蚁群派对【✔】
S1三次服：纤纤絮伞、荧光蚁、7星拳击螳螂、硬树枝【客户端2-630】【小程序205-620】
S1未三次服：纤纤絮伞、美丽蛛蚁、红黑蚁、7星拳击螳螂、硬树枝【客户端632~739】【小程序623~740】ok"
6月9日	6月10日	设置活动	珍宝商店【秋月,蜜巢,暗卉巫灵,风雪金玲,改造精华,溢彩圣诞主堡皮肤,幸福甜蜜行军皮肤】1~740【✔】ok
6月9日	6月10日	设置活动	端午大事典&头像框;1000915;赛季1~705;小程序205~702；非赛季707~739;小程序704~740【✔】ok
6月9日	6月10日	设置活动	祈愿橡树1000219;礼包有2个30797 30785，免费+付费；1~740【✔】ok
6月9日	6月10日	设置活动	端午签到；客户端741~743；小程序742~744，新服手动开【✔】ok
6月9日	6月10日	设置活动	联盟远征（5月13号开的服，S1-S738）【6.10】开启【✔】
6月9日	6月10日	设置活动	旅行虫；活动7天+礼包5天【周一9点开】客户端1~705;小程序205~702【✔】ok
6月9日	6月11日	设置活动	主题活动4回归自然（截止5.26开的服）1-740【✔】
6月10日	6月17日	跨服联盟GVE：设置活动	"通服跨服联盟GVE S741-S742，截止5.30开的服+
S1-S737【客户端】
S205-S738【小程序】【✔】ok"
6月11日	6月17日	设置活动	世界BOSS；客户端1~705;小程序205~702【✔】
6月12日	6月12日	设置活动	"黑骑士【✔】
客户端S1-S737
小程序S205-S738"
6月12日	6月13日	设置活动	特化蚁对决1-730 截至5.14服务器738【✔】
6月12日	6月15日	设置活动	VIP商店S1-S740【✔】
6月12日	6月24日	本服联盟GVE：设置活动	本服联盟GVE 开S745-S746，截止6.13开的服【✔】
6月14日	6月16日	设置活动	土拨鼠【✔】
6月16日	6月17日	设置活动	"【✔】双倍券BP活动；
（开过赛季预告的服务器）
客户端1~705;小程序205~702ok"
6月16日	6月17日	设置活动	细菌连储&7充5；1~742【✔】ok
6月16日	6月17日	设置活动	联盟远征（5月20号开的服，S1-S740）【6.17】开启【✔】
6月16日	6月18日	设置活动	主题活动1万物新生（截止6.2开的服） 1-742【✔】
6月17日	6月24日	跨服联盟GVE：设置活动	跨服联盟GVE 开S743-S744，截止6.6开的服【✔】
6月19日	6月22日	设置活动	VIP商店S1-S742【✔】
6月19日	7月1日	区域迁徙：设置礼包+分组	区域迁徙 S726~S734【✔】
6月19日	7月1日	区域迁徙：设置礼包+分组	区域迁徙 S725~S733【✔】
6月19日	7月1日	本服联盟GVE：设置活动	本服联盟GVE 开S747，截止6.20开的服【✔】
6月21日	6月22日	设置活动	周末狂欢页签S1-S742【✔】ok
6月21日	6月23日	设置活动	ok【✔】土拨鼠、罩子、邮件
6月21日	7月1日	区域迁徙：设置活动+公布分组	区域迁徙 S726~S734【✔】
6月21日	7月1日	区域迁徙：设置活动+公布分组	区域迁徙 S725~S733【✔】
6月23日	6月24日	设置活动	【*】强力特化蚁标头展示-琥珀刺椿；2-240【✔】
6月23日	6月24日	设置活动	"洞穴探险【745【✔】
S2三次服【2-240】：琥珀刺椿、2代特化蚁自选宝箱、7星荧光蝎、6星大魔花螳螂、面面俱到、硬树枝
S1三次服【客户端241-630】【小程序205~620】：刺甲蚁、黑金蛛蚁、7星荧光蝎、6星大魔花螳螂、面面俱到、硬树枝
S1未三次服【客户端632-745】【小程序623-744】：黑金蛛蚁、青铜蚁、7星荧光蝎、6星大魔花螳螂、面面俱到、硬树枝"
6月23日	6月24日	设置活动	珍宝商店【秋月，蜜巢，暗卉巫灵，风雪金玲, 改造精华、溢彩圣诞主堡皮肤、幸福甜蜜行军皮肤，草木有灵，星虹军团】1~745【✔】
6月23日	6月24日	设置活动	联盟远征（5月27号开的服，S1-S742）【6.24】开启【✔】
6月23日	6月24日	设置活动	礼包+分组预设+活动确认【✔】
6月23日	6月24日	设置活动	礼包+分组预设+活动确认【✔】
6月23日	6月25日	设置活动	主题活动2潮起潮落 1-745（截止6.9开的服）【✔】
6月23日	6月26日	设置活动	活动预设+公布分组【✔】
6月23日	6月26日	设置活动	活动预设+公布分组【✔】
6月24日	7月1日	跨服联盟GVE：设置活动	跨服联盟GVE 开S745-S746，截止6.13开的服【✔】
6月26日	6月26日	设置活动	"黑骑士【✔】
客户端S1-S741
小程序S205-S742"
6月26日	6月29日	设置活动	VIP商店S1-S744【✔】
6月26日	7月8日	本服联盟GVE：设置活动	本服联盟GVE 开S748-S749，截止6.27开的服【✔】
6月27日	6月28日	设置活动	特化蚁对决1-740 截至5.29服务器742【✔】
6月28日	6月30日	设置活动	土拨鼠【✔】
6月29日	6月30日	设置活动	蚁群盛宴1~747【✔】
6月30日	7月1日	设置活动	野怪连储&7充5；1~745【✔】
6月30日	7月1日	设置活动	联盟远征（6月3号开的服，S1-S744）【7.1】开启【✔】
6月30日	7月2日	设置活动	主题活动3旱季来临（截止6.16开的服） S1-S747【✔】
6月30日	7月3日	设置活动	"蜂群宝藏1~734【✔】
（青铜、黄蛛、红黑蚁、 美丽蛛蚁、黑金蛛蚁、荧光蚁、浮光蚁、刺甲蚁、兵种改造宝箱*2）（荧光、浮光、刺甲蚁、需要满S1三次服务器才开）"
7月1日	7月8日	跨服联盟GVE：设置活动	跨服联盟GVE 开S747，截止6.20开的服【✔】
7月3日	7月6日	设置活动	VIP商店S1-S746【✔】
7月3日	7月15日	本服联盟GVE：设置活动	本服联盟GVE 开S750-S751，截止7.4开的服【✔】
7月5日	7月6日	设置活动	周末狂欢页签S1-S746 新补【✔】
7月5日	7月7日	设置活动	【✔】土拨鼠、罩子、邮件
7月7日	7月8日	设置活动	7星彩虹圣甲虫——标头 野怪礼包【✔】
7月7日	7月8日	设置活动	"落潮海岸【1-749】【✔】
S2三次服：浮光蚁、刺甲蚁、7星彩虹圣甲虫、硬树枝
S1三次服：浮光蚁、美丽蛛蚁、7星彩虹圣甲虫、硬树枝
S1未三次服：尼特纳巨首蚁、幽灵蚁、7星赤锯锹甲虫、硬树枝"
7月7日	7月8日	设置活动	珍宝商店【秋月，蜜巢，暗卉巫灵，风雪金玲, 改造精华、溢彩圣诞主堡皮肤、幸福甜蜜行军皮肤，草木有灵，星虹军团】【✔】
7月7日	7月8日	设置活动	蚁后对决，全服开启，（共计45天）新服需要手动开启 注意！如果不是停服期间开活动那就必须预设08:15开！！！！！！【✔】
7月7日	7月8日	设置活动	联盟远征（6月10号开的服，S1-S745）【7.8】开启【✔】
7月7日	7月9日	设置活动	主题活动4回归自然（截止6.23开的服）1-749【✔】
7月8日	7月15日	跨服联盟GVE：设置活动	"通服跨服联盟GVE S748-S749，截止6.27开的服+
S1-S745【客户端】
S205-S746【小程序】【✔】"
7月10日	7月10日	设置活动	"黑骑士【✔】
客户端S1-S745
小程序S205-S746"
7月10日	7月13日	设置活动	VIP商店S1-S747【✔】
7月10日	7月22日	本服联盟GVE：设置活动	本服联盟GVE 开S752，截止7.11开的服【✔】
7月12日	7月13日	设置活动	特化蚁对决1-740 截至6.15服务器747【✔】
7月12日	7月14日	设置活动	土拨鼠【✔】
7月13日	7月14日	设置活动	"【✔】双倍券BP活动；
（开过赛季预告的服务器）
客户端1~724服;小程序205~723"
7月14日	7月15日	设置活动	真菌连储&7充5；1~749，截止6.24服务器【✔】
7月14日	7月15日	设置活动	联盟远征（6月17号开的服，S1-S747）【7.15】开启【✔】
7月14日	7月16日	设置活动	主题活动1万物新生（截止6.30开的服） 1-750【✔】
7月15日	7月22日	跨服联盟GVE：设置活动	跨服联盟GVE 开S750-S751，截止7.4开的服【✔】
7月16日	7月22日	设置活动	世界BOSS【1-724，205-723】【✔】
7月17日	7月18日	设置活动	蚁群狂欢1~751【✔】
7月17日	7月18日	设置活动	十连抽，全服，新服手动开【✔】
7月17日	7月20日	设置活动	VIP商店S1-S749【✔】
7月17日	7月29日	区域迁徙：设置礼包+分组	区域迁徙 S736~S744【✔】
7月17日	7月29日	本服联盟GVE：设置活动	本服联盟GVE 开S753~S758，截止7.18开的服【✔】
7月19日	7月21日	设置活动	土拨鼠、罩子、邮件【✔】
7月19日	7月29日	区域迁徙：设置活动+公布分组	区域迁徙 S736~S744【✔】
7月21日	7月22日	设置活动	"风中飞翔【1~752】【✔】
S2三次服：搞蛋柑橘、琥珀刺蝽、7星金斑虎甲、硬树枝；客户端1-380，小程序205-346
S1三次服：搞蛋柑橘、荧光蚁、尼特纳巨首蚁、、7星金斑虎甲、硬树枝；客户端381-658，小程序347~667 
S1未三次服：搞蛋柑橘、美丽蛛蚁、红黑蚁、7星金斑虎甲、硬树枝；客户端659~752，小程序668~751"
7月21日	7月22日	设置活动	珍宝商店【秋月，蜜巢，暗卉巫灵，风雪金玲, 改造精华、溢彩圣诞主堡皮肤、幸福甜蜜行军皮肤，草木有灵，星虹军团】;1~752【✔】
7月21日	7月22日	设置活动	小事典（瑞果庆典）【赛季服1-724，205-723】【非赛季725-752，726~751】【✔】
7月21日	7月22日	设置活动	盛夏签到【黄蛛/野怪】【觉醒服】【1-740】【✔】
7月21日	7月22日	设置活动	联盟远征（6月24号开的服，S1-S749）【7.22】开启【✔】
7月21日	7月22日	设置活动	礼包+分组预设+活动确认【✔】
7月21日	7月23日	设置活动	主题活动2潮起潮落 1-752（截止7.7开的服）【✔】
7月21日	7月24日	设置活动	活动预设+公布分组【✔】
7月22日	7月29日	跨服联盟GVE：设置活动	跨服联盟GVE 开S752，截止7.11开的服【✔】
7月23日	7月29日	设置活动	世界BOSS【1-724，205-723】【✔】
7月24日	7月24日	设置活动	"黑骑士【✔】
客户端S1-S747
小程序S205-S746"
7月24日	7月27日	设置活动	VIP商店S1-S751【✔】
7月24日	8月5日	本服联盟GVE：设置活动	本服联盟GVE 开S759~S760，截止7.25开的服【✔】
7月26日	7月27日	设置活动	周末狂欢S1-S751【✔】
7月26日	7月28日	设置活动	土拨鼠【✔】
7月27日	7月28日	设置活动	特化蚁对决1-750 截至6.28服务器750【✔】
7月28日	7月29日	设置活动	蚁群盛宴【✔】
7月28日	7月29日	设置活动	兵种改造连储&7充5；1~752【✔】
7月28日	7月29日	设置活动	联盟远征（7月1号开的服，S1-S750）【7.29】开启【✔】
7月28日	7月29日	设置活动	旅行虫；活动7天+礼包5天【周一9点开】【2-724，205-723】【✔】
7月28日	7月30日	设置活动	主题活动3旱季来临（截止7.14开的服） S1-S756【✔】
7月29日	8月5日	跨服联盟GVE：设置活动	跨服联盟GVE 开S753~S758，截止7.18开的服【✔】
7月30日	8月5日	设置活动	世界BOSS【1-724，205-723】【✔】
7月31日	8月3日	设置活动	VIP商店S1-S752【✔】
7月31日	8月5日	设置活动	黑骑士龟蚁-标头展示，1~376,205-346【✔】
7月31日	8月5日	设置活动	"洞穴探险1~759【✔】
S2三次服：黑骑士龟蚁、7星荧光蝎、6星赤锯锹甲虫、硬树枝;1~376,205-346
S1三次服：刺甲蚁、7星荧光蝎、6星赤锯锹甲虫、硬树枝;382~658,347~667
S1未三次服：黑金蛛蚁、7荧光蝎、6星造纸胡蜂、硬树枝;659~759,668~751"
7月31日	8月12日	本服联盟GVE：设置活动	本服联盟GVE 开S761，截止8.1开的服【✔】
8月2日	8月3日	设置活动	周末狂欢S1-S752【✔】
8月2日	8月4日	设置活动	土拨鼠、罩子、邮件【✔】
8月4日	8月5日	设置活动	珍宝商店【秋月，蜜巢，暗卉巫灵，风雪金玲, 改造精华、溢彩圣诞主堡皮肤、幸福甜蜜行军皮肤，草木有灵，星虹军团】1~759【✔】
8月4日	8月5日	设置活动	联盟远征（7月8号开的服，S1-S752）【8.5】开启【✔】
8月4日	8月6日	设置活动	主题活动4回归自然（截止7.21开的服）1-759【✔】
8月5日	8月12日	跨服联盟GVE：设置活动	"通服跨服联盟GVE S759~S760，截止7.25开的服+
S1-S752【客户端】
S205-S751【小程序】【✔】"
8月6日	8月12日	设置活动	世界BOSS【1-724，205-723】【✔】
8月7日	8月7日	设置活动	"黑骑士【✔】
客户端S1-S752
小程序S205-S751"
8月7日	8月10日	设置活动	VIP商店S1-S758【✔】
8月7日	8月19日	本服联盟GVE：设置活动	本服联盟GVE 开S762，截止8.8开的服【✔】
8月9日	8月11日	设置活动	土拨鼠【✔】
8月11日	8月12日	设置活动	蚁群嘉年华1~761【✔】
8月11日	8月12日	设置活动	"蜂群宝藏1~747【✔】
（青铜、黄蛛、红黑蚁、 美丽蛛蚁、黑金蛛蚁、荧光蚁、浮光蚁、刺甲蚁、兵种改造宝箱*2）（荧光、浮光、刺甲蚁、需要满S1三次服务器才开）"
8月11日	8月12日	设置活动	基因连储&7充5；1~759【✔】
8月11日	8月12日	设置活动	特化蚁对决1-755 截至7.13服务器755【✔】
8月11日	8月12日	设置活动	联盟远征（7月15号开的服，S1-S756）【8.12】开启【✔】
8月11日	8月12日	设置活动	蚂蚁寻宝;【1-724，205-723】【✔】
8月11日	8月13日	设置活动	主题活动1万物新生（截止7.28开的服） 1-761【✔】
8月12日	8月19日	跨服联盟GVE：设置活动	跨服联盟GVE 开S761，截止8.1开的服【✔】
8月13日	8月19日	设置活动	世界BOSS【1-724，205-723】【✔】
8月14日	8月15日	设置活动	蚁群狂欢1~761【✔】
8月14日	8月15日	设置活动	特化蚁UP池(死神)客户端659~761,小程序668~751【✔】
8月14日	8月17日	设置活动	VIP商店S1-S760【✔】
8月14日	8月26日	区域迁徙：设置礼包+分组	区域迁徙 S735~S743【✔】
8月14日	8月26日	本服联盟GVE：设置活动	本服联盟GVE 开S763，截止8.15开的服【✔】
8月16日	8月18日	设置活动	土拨鼠、罩子、邮件【✔】
8月16日	8月26日	区域迁徙：设置活动+公布分组	区域迁徙 S735~S743【✔】
8月18日	8月19日	设置活动	联盟远征（7月22号开的服，S1-S759）【8.19】开启【✔】
8月18日	8月19日	设置活动	礼包+分组预设+活动确认【✔】
8月18日	8月20日	设置活动	7星格斗家螳螂-标头展示【✔】——野怪礼包【✔】；客户端1~658、小程序205~667
8月18日	8月20日	设置活动	"蚁群派对；1~762【✔】
S2三次服：7星格斗家螳螂、琥珀刺蝽、浮光蚁、硬树枝【客户端1-380】【小程序205-346】
S1三次服：7星格斗家螳螂、浮光蚁、硬树枝【客户端381-658】【小程序347~667】
S1未三次服：7星赤锯锹甲虫、尼特纳巨首蚁、硬树枝【客户端660-762】【小程序669-751】"
8月18日	8月20日	设置活动	珍宝商店【秋月，蜜巢，暗卉巫灵，风雪金玲, 改造精华、溢彩圣诞主堡皮肤、幸福甜蜜行军皮肤，草木有灵，星虹军团】；1~762【✔】
8月18日	8月20日	设置活动	主题活动2潮起潮落 1-762（截止8.4开的服）【✔】
8月18日	8月21日	设置活动	活动预设+公布分组【✔】
8月19日	8月26日	跨服联盟GVE：设置活动	跨服联盟GVE 开S762，截止8.8开的服【✔】
8月21日	8月21日	设置活动	"黑骑士【✔】
客户端S1-S760
小程序S205-S751"
8月21日	8月24日	设置活动	VIP商店S1-S761【✔】
8月21日	9月2日	本服联盟GVE：设置活动	本服联盟GVE 开S764，截止8.22开的服【✔】
8月23日	8月25日	设置活动	土拨鼠【✔】
8月25日	8月26日	设置活动	"双倍券BP活动【✔】
（开过赛季预告的服务器）
客户端1~743服;小程序205~744"
8月25日	8月26日	设置活动	细菌连储&7充5；1~762【✔】
8月25日	8月26日	设置活动	蚁后对决，全服开启，（共计45天）新服需要手动开启 注意！如果不是停服期间开活动那就必须预设08:15开！！！！！！【✔】
8月25日	8月26日	设置活动	联盟远征（7月29号开的服，S1-S761）【8.26】开启【✔】
8月25日	8月27日	设置活动	主题活动3旱季来临（截止8.11开的服） 1-763【✔】
8月26日	8月27日	设置活动	特化蚁对决1-760 截至7.28服务器761【✔】
8月26日	9月2日	跨服联盟GVE：设置活动	跨服联盟GVE 开S763，截止8.15开的服【✔】
8月28日	8月31日	设置活动	VIP商店S1-S762【✔】
8月28日	9月2日	设置活动	"洞穴探险1~764【✔】
S2三次服：黑骑士龟蚁、7星彩虹圣甲虫、面面俱到升星礼盒、硬树枝【客户端1-539】【小程序205-540】
S1三次服：荧光蚁、7星彩虹圣甲虫、面面俱到升星礼盒、硬树枝【客户端544-705】【小程序541-702】
S1未三次服：美丽蛛蚁、7星拳击螳螂、面面俱到升星礼盒、硬树枝【客户端707-764】【小程序704-751】"
8月28日	9月9日	本服联盟GVE：设置活动	本服联盟GVE 开S765，截止8.29开的服【✔】
8月30日	8月31日	设置活动	周末狂欢S1-S762【✔】
8月30日	9月1日	设置活动	土拨鼠、罩子、邮件【✔】
9月1日	9月2日	设置活动	限时特供：野怪星级转换礼包【客户端660-705】【小程序669-702】【✔】
9月1日	9月2日	设置活动	珍宝商店【秋月，蜜巢，暗卉巫灵，风雪金玲, 改造精华、溢彩圣诞主堡皮肤、幸福甜蜜行军皮肤，草木有灵，星虹军团】;1~764【✔】
9月1日	9月2日	设置活动	联盟远征（8月5号开的服，S1-S762）【9.2】开启【✔】
9月1日	9月3日	设置活动	主题活动4回归自然（截止8.18开的服）1-764【✔】
9月2日	9月9日	跨服联盟GVE：设置活动	"通服跨服联盟GVE S764，截止8.22开的服+
S1-S762【客户端】
S205-S751【小程序】【✔】"
9月4日	9月4日	设置活动	"黑骑士【✔】
客户端S1-S762
小程序S205-S751"
9月4日	9月7日	设置活动	VIP商店S1-S763【✔】
9月4日	9月16日	本服联盟GVE：设置活动	本服联盟GVE 开S766，截止9.5开的服【✔】
9月6日	9月8日	设置活动	土拨鼠【✔】
9月8日	9月9日	设置活动	"蜂群宝藏;1~753,截止7.12服务器【✔】
（青铜、黄蛛、红黑蚁、 美丽蛛蚁、黑金蛛蚁、荧光蚁、浮光蚁、刺甲蚁、兵种改造宝箱*2）（荧光、浮光、刺甲蚁、需要满S1三次服务器才开）"
9月8日	9月9日	设置活动	野怪连储&7充5；1~764【✔】
9月8日	9月9日	设置活动	联盟远征（8月12号开的服，S1-S763）【9.9】开启【✔】
9月8日	9月10日	设置活动	主题活动1万物新生（截止8.25开的服） 1-765【✔】
9月9日	9月16日	跨服联盟GVE：设置活动	跨服联盟GVE 开S765，截止8.29开的服【✔】
9月10日	9月11日	设置活动	特化蚁对决1-760 截至8.12服务器763【✔】
9月11日	9月12日	设置活动	蚁群盛宴；1~765【✔】
9月11日	9月12日	设置活动	"特化蚁UP池(猎虫)【✔】
【客户端707-765】【小程序704-751】"
9月11日	9月14日	设置活动	VIP商店S1-S764【✔】
9月11日	9月23日	本服联盟GVE：设置活动	本服联盟GVE 开S767，截止9.12开的服【✔】
9月13日	9月15日	设置活动	土拨鼠、罩子、邮件【✔】
9月15日	9月16日	设置活动	"双倍券BP活动； 中秋包装【✔】
（开过赛季预告的服务器）
客户端1~743服；小程序205~744服"
9月15日	9月16日	设置活动	联盟远征（8月19号开的服，S1-S764）【9.16】开启【✔】
9月15日	9月17日	设置活动	主题活动2潮起潮落 1-766（截止9.1开的服）【✔】
9月16日	9月23日	跨服联盟GVE：设置活动	跨服联盟GVE 开S766，截止9.5开的服【✔】
9月17日	9月23日	设置活动	世界BOSS【1-743，205-744】【✔】
9月18日	9月18日	设置活动	"黑骑士【✔】
客户端S1-S764
小程序S205-S751"
9月18日	9月19日	设置活动	漂流瓶（先预设事典，再预设漂流瓶）;1~766【✔】
9月18日	9月19日	设置活动	周年庆签到【全服，新服手动开】1~767【✔】
9月18日	9月21日	设置活动	VIP商店S1-S765【✔】
9月18日	9月30日	区域迁徙：设置礼包+分组	区域迁徙 S745~S749；S750~S754【✔】
9月18日	9月30日	本服联盟GVE：设置活动	本服联盟GVE 开S768，截止9.19开的服【✔】
9月20日	9月21日	设置活动	"落潮海岸（30元周年特惠折扣礼包【✔】）1~766【✔】
S2三次服：夏日雪顶主堡、特化蚁买一赠一宝箱13、6星拳击螳螂、硬树枝【客户端1-539】【小程序205-540】
S1三次服：夏日雪顶主堡、特化蚁买一赠一宝箱13、、6星拳击螳螂、硬树枝【客户端544-705】【小程序541-702】
S1未三次服：夏日雪顶主堡、特化蚁买一赠一宝箱12、7星金斑虎甲、硬树枝【客户端707-766】【小程序704-751】"
9月20日	9月21日	设置活动	珍宝商店【秋月，蜜巢，暗卉巫灵，风雪金玲, 改造精华、溢彩圣诞主堡皮肤、幸福甜蜜行军皮肤，草木有灵，星虹军团】1~766【✔】
9月20日	9月21日	设置活动	买一送一活动1~766【✔】
9月20日	9月21日	设置活动	"二周年大事典；1~766【✔】
通行证晚2天开【✔】
松鼠活跃【✔】
（头像框-夏日清幽）4星紫色野怪-红肩美姬 石榴炸弹"
9月20日	9月21日	设置活动	特殊回流【✔】
9月20日	9月22日	设置活动	土拨鼠【✔】
9月20日	9月30日	区域迁徙：设置活动+公布分组	区域迁徙 S745~S749；S750~S754【✔】
9月22日	9月23日	设置活动	联盟远征（8月26号开的服，S1-S765）【9.23】开启【✔】
9月22日	9月24日	设置活动	主题活动3旱季来临（截止9.8开的服） 1-766【✔】
9月23日	9月30日	跨服联盟GVE：设置活动	跨服联盟GVE 开S767，截止9.12开的服【✔】
9月24日	9月30日	设置活动	世界BOSS【1-743，205-744】【✔】
9月25日	9月26日	设置活动	特化蚁对决1-765 截至8.27服务器765【✔】
9月25日	9月26日	设置活动	礼包+分组预设+活动确认【✔】
9月25日	9月28日	设置活动	VIP商店S1-S766【✔】
9月25日	10月7日	区域迁徙：设置礼包+分组	区域迁徙 S755~S759【✔】
9月25日	10月7日	本服联盟GVE：设置活动	本服联盟GVE 开S76x，截止9.26开的服768，这周不开本服蚜虫了
9月27日	9月28日	设置活动	周末狂欢S1-S766【✔】
9月27日	9月28日	设置活动	活动预设+公布分组【✔】
9月27日	9月29日	设置活动	土拨鼠、罩子、邮件【✔】
9月27日	10月7日	区域迁徙：设置活动+公布分组	区域迁徙 S755~S759【✔】
9月29日	9月30日	设置活动	蚁群狂欢，更新后预设1~767【✔】
9月29日	9月30日	设置活动	联盟远征（9月2号开的服，S1-S766）【9.30】开启【✔】
9月29日	9月30日	设置活动	礼包+活动确认【✔】
9月29日	9月30日	设置活动	旅行虫；活动7天【周一9点开】【1-743，205-744】【✔】；礼包不开了
9月29日	10月1日	设置活动	假日欢乐觅宝，满15天，截止9月16的服,1~767【✔】
9月29日	10月1日	设置活动	国庆金秋签到，赛季服1~744【✔】；非赛季服745~769（新服手动开）【✔】
9月29日	10月1日	设置活动	主题活动4回归自然（截止9.15开的服）1-767【✔】
9月29日	10月1日	设置活动	十连抽，全服，新服手动开【✔】
9月30日	10月7日	跨服联盟GVE：设置活动	"通服跨服联盟GVE S768，截止9.19开的服+
S1-S766【客户端】
S205-S751【小程序】【✔】"
10月1日	10月7日	设置活动	世界BOSS【1-743，205-744】【✔】
10月2日	10月2日	设置活动	"黑骑士【✔】
客户端S1-S766
小程序S205-S751"
10月2日	10月3日	设置活动	"洞穴探险1~767【✔】
S2三次服：狐獴皮肤、琥珀刺蝽、7星格斗家螳螂、硬树枝【客户端1-539】【小程序205-540】
S1三次服：狐獴皮肤、浮光蚁、7星格斗家螳螂、硬树枝【客户端544-705】【小程序541-702】
S1未三次服：狐獴皮肤、尼特纳巨首蚁、7星荧光蝎、6星造纸胡蜂、硬树枝【客户端707-767】【小程序704-751】"
10月2日	10月3日	设置活动	珍宝商店【秋月，蜜巢，暗卉巫灵，风雪金玲, 改造精华、溢彩圣诞主堡皮肤、幸福甜蜜行军皮肤，草木有灵，星虹军团】1~767【✔】
10月2日	10月3日	设置活动	分组设置+活动预设+公布分组【✔】
10月2日	10月5日	设置活动	VIP商店S1-S767【✔】
10月2日	10月14日	本服联盟GVE：设置活动	本服联盟GVE 开S769，截止10.3开的服【✔】
10月4日	10月6日	设置活动	土拨鼠【✔】
10月6日	10月7日	设置活动	真菌连储&7充5；1~767【✔】
10月6日	10月7日	设置活动	联盟远征（9月9号开的服，S1-S767）【10.7开】【✔】
10月6日	10月8日	设置活动	"【✔】双倍券BP活动；礼包新配置
（开过赛季预告的服务器）
客户端1~743服；小程序205~744服"
10月6日	10月8日	设置活动	主题活动1万物新生（截止9.22开的服） 1-768【✔】
10月7日	10月14日	跨服联盟GVE：设置活动	跨服联盟GVE 开S76X，截止9.26开的服768，这周不开蚜虫了
10月8日	10月14日	设置活动	世界BOSS【1-743，205-744】【✔】
10月9日	10月12日	设置活动	VIP商店S1-S768【✔】
10月9日	10月15日	设置活动	"风中飞翔【1-769】【✔】
S2三次服：黑骑士龟蚁、荧光蚁、7星彩虹圣甲虫、硬树枝
S1三次服：荧光蚁、黑金蛛蚁、7星彩虹圣甲虫、硬树枝
S1未三次服：美丽蛛蚁、7星赤锯锹甲虫、硬树枝"
10月9日	10月21日	区域迁徙：设置礼包+分组	区域迁徙 S760~S764【✔】
10月9日	10月21日	本服联盟GVE：设置活动	本服联盟GVE 开S770，截止10.10开的服【✔】
10月10日	10月11日	设置活动	特化蚁对决1-765 截至9.11服务器767【✔】
10月11日	10月12日	设置活动	周末狂欢1~768【✔】
10月11日	10月13日	设置活动	土拨鼠、罩子、邮件【✔】
10月11日	10月21日	区域迁徙：设置活动+公布分组	区域迁徙 S760~S764【✔】
10月13日	10月14日	设置活动	蚁后对决，全服开启，（共计45天）新服需要手动开启 注意！如果不是停服期间开活动那就必须预设08:15开！！！！！！【✔】
10月13日	10月14日	设置活动	联盟远征（9月16号开的服，S1-S767）【10.14开】【✔】
10月13日	10月14日	设置活动	礼包+分组预设+活动确认【✔】
10月13日	10月14日	设置活动	蚂蚁寻宝;【1-743，205-744】【✔】
10月13日	10月15日	设置活动	珍宝商店【秋月，蜜巢，暗卉巫灵，风雪金玲, 改造精华、溢彩圣诞主堡皮肤、幸福甜蜜行军皮肤，草木有灵，星虹军团，枯木樱龙，楼落蝶梦】【✔】
10月13日	10月15日	设置活动	主题活动2潮起潮落 1-769（截止9.29开的服）【✔】
10月13日	10月16日	设置活动	活动预设+公布分组【✔】
10月14日	10月21日	跨服联盟GVE：设置活动	跨服联盟GVE 开S769，截止10.3开的服【✔】
10月15日	10月21日	设置活动	世界BOSS【1-743，205-744】【✔】
10月16日	10月16日	设置活动	"黑骑士【✔】
客户端S1-S768
小程序S205-S751"
10月16日	10月19日	设置活动	VIP商店S1-S768【✔】
10月16日	10月28日	本服联盟GVE：设置活动	本服联盟GVE 开S771，截止10.17开的服【✔】
10月18日	10月20日	设置活动	土拨鼠【✔】
10月20日	10月21日	设置活动	"蜂群宝藏,截止8.23的服 1~765【✔】
（青铜、黄蛛、红黑蚁、 美丽蛛蚁、黑金蛛蚁、荧光蚁、浮光蚁、刺甲蚁、琥珀刺椿、兵种改造宝箱*2）（荧光、浮光、刺甲蚁、需要满S1三次服务器才开）"
10月20日	10月21日	设置活动	兵种改造连储&7充5；1~769【✔】
10月20日	10月21日	设置活动	联盟远征（9月23号开的服，S1-S768）【10.21开】【✔】
10月20日	10月22日	设置活动	主题活动3旱季来临（截止10.6开的服） 1-770【✔】
10月20日	10月23日	设置活动	"特化蚁UP池(死神)【✔】
【客户端707-770】【小程序704-751】"
10月21日	10月28日	跨服联盟GVE：设置活动	跨服联盟GVE 开S770，截止10.10开的服【✔】
10月23日	10月24日	设置活动	蚁群盛宴1~770【✔】
10月23日	10月26日	设置活动	VIP商店S1-S769【✔】
10月23日	11月4日	本服联盟GVE：设置活动	本服联盟GVE 开S772，截止10.24开的服【✔】
10月25日	10月26日	设置活动	特化蚁对决1-765 截至9.26服务器768【✔】
10月25日	10月27日	设置活动	土拨鼠、罩子、邮件【✔】
10月27日	10月28日	设置活动	三代月卡【✔】
10月27日	10月28日	设置活动	联盟远征（9月30号开的服，S1-S769）【10.28开】【✔】；更新之后再预设！！！！
10月27日	10月29日	设置活动	7星翡翠蜂蚁-标头展示【客户端1-539】【小程序205-540】【✔】
10月27日	10月29日	设置活动	"蚁群派对1~771【✔】
S2三次服：翡翠蜂蚁、刺甲蚁、7星金斑虎甲、硬树枝【客户端1-539】【小程序205-540】
S1三次服：刺甲蚁、美丽蛛蚁、7星金斑虎甲、硬树枝【客户端544-705】【小程序541-702】
S1未三次服：黑金蛛蚁、7星金斑虎甲、硬树枝【客户端707-771】【小程序704-751】"
10月27日	10月29日	设置活动	珍宝商店【秋月，蜜巢，暗卉巫灵，风雪金玲, 改造精华、溢彩圣诞主堡皮肤、幸福甜蜜行军皮肤，草木有灵，星虹军团，枯木樱龙，楼落蝶梦】；1-771【✔】
10月27日	10月29日	设置活动	主题活动4回归自然（截止10.13开的服）1-771【✔】
10月28日	11月4日	跨服联盟GVE：设置活动	"通服跨服联盟GVE S771，截止10.17开的服+
S1-S769【客户端】
S205-S751【小程序】【✔】"
10月30日	10月30日	设置活动	"黑骑士【✔】
客户端S1-S769
小程序S205-S751"
10月30日	11月2日	设置活动	VIP商店S1-S770【✔】
10月30日	11月11日	本服联盟GVE：设置活动	本服联盟GVE 开S773，截止10.31开的服【✔】
11月1日	11月3日	设置活动	土拨鼠【✔】
11月3日	11月4日	设置活动	"双倍券BP活动【✔】
（开过赛季预告的服务器）
客户端1~764服；小程序205~751服"
11月3日	11月4日	设置活动	基因连储&7充5；1~771【✔】
11月3日	11月4日	设置活动	联盟远征（10月7号开的服，S1-S770）【11.4开】【✔】
11月3日	11月5日	设置活动	主题活动1万物新生（截止10.20开的服） 1-772【✔】
11月4日	11月11日	跨服联盟GVE：设置活动	跨服联盟GVE 开S772，截止10.24开的服【✔】
11月6日	11月9日	设置活动	VIP商店S1-S771【✔】
11月6日	11月18日	区域迁徙：设置礼包+分组	区域迁徙 S765~S769【✔】
11月6日	11月18日	本服联盟GVE：设置活动	本服联盟GVE 开S774，截止11.7开的服【✔】
11月7日	11月8日	设置活动	无限寻宝；1~764赛季服【✔】
11月8日	11月10日	设置活动	土拨鼠、罩子、邮件【✔】
11月8日	11月18日	区域迁徙：设置活动+公布分组	区域迁徙 S765~S769【✔】
11月9日	11月10日	设置活动	特化蚁对决1-770 截至10.11服务器771【✔】
11月10日	11月11日	设置活动	"落潮海岸1~773【✔】
S2三次服：犰狳野怪皮肤、琥珀刺椿、7星格斗家螳螂、6星齿锯锹甲虫、硬树枝【客户端1-539】【小程序205-540】
S1三次服：犰狳野怪皮肤、浮光蚁、7星格斗家螳螂、6星齿锯锹甲虫、硬树枝【客户端544-705】【小程序541-702】
S1未三次服：犰狳野怪皮肤、尼特纳巨首蚁、幽灵蚁（折扣）、7星拳击螳螂、硬树枝【客户端707-773】【小程序704-751】"
11月10日	11月11日	设置活动	珍宝商店【秋月，蜜巢，暗卉巫灵，风雪金玲, 改造精华、溢彩圣诞主堡皮肤、幸福甜蜜行军皮肤，草木有灵，星虹军团，枯木樱龙，楼落蝶梦】;1~773【✔】
11月10日	11月11日	设置活动	联盟远征（10月14号开的服，S1-S771）【11.11开】【✔】
11月10日	11月11日	设置活动	礼包+分组预设+活动确认【✔】
11月10日	11月12日	设置活动	主题活动2潮起潮落 1-773（截止10.27开的服）【✔】
11月10日	11月13日	设置活动	活动预设+公布分组【✔】
11月11日	11月18日	跨服联盟GVE：设置活动	跨服联盟GVE 开S773，截止10.31开的服【✔】
11月13日	11月13日	设置活动	"黑骑士【✔】
客户端S1-S771
小程序S205-S751"
11月13日	11月16日	设置活动	VIP商店S1-S772【✔】
11月13日	11月25日	本服联盟GVE：设置活动	本服联盟GVE 开S775，截止11.14开的服【✔】
11月15日	11月16日	设置活动	周末狂欢1~772【✔】
11月15日	11月17日	设置活动	土拨鼠【✔】
11月17日	11月18日	设置活动	"蜂群宝藏1~768，截止9.20服务器【✔】
（青铜、黄蛛、红黑蚁、 美丽蛛蚁、黑金蛛蚁、荧光蚁、浮光蚁、刺甲蚁、兵种改造宝箱*2）（荧光、浮光、刺甲蚁、需要满S1三次服务器才开）"
11月17日	11月18日	设置活动	细菌连储&7充5；1~773【✔】
11月17日	11月18日	设置活动	联盟远征（10月21号开的服，S1-S772）【11.18开】【✔】
11月17日	11月19日	设置活动	主题活动3旱季来临（截止11.3开的服） 1-774【✔】
11月18日	11月25日	跨服联盟GVE：设置活动	跨服联盟GVE 开S774，截止11.7开的服【✔】
11月19日	11月25日	设置活动	世界BOSS【1-764，205-751】【✔】
11月20日	11月21日	设置活动	蚁群狂欢1~774【✔】
11月20日	11月21日	设置活动	"特化蚁UP池(猎虫)【✔】
【客户端707-774】【小程序704-751】"
11月20日	11月23日	设置活动	VIP商店S1-S773【✔】
11月20日	12月2日	本服联盟GVE：设置活动	本服联盟GVE 开S776，截止11.21开的服【✔】
11月22日	11月24日	设置活动	土拨鼠、罩子、邮件【✔】
11月24日	11月25日	设置活动	7星无尾鞭蝎-标头展示【✔】；野怪礼包8天【✔】;【客户端1-705】【小程序205-702】
11月24日	11月25日	设置活动	"洞穴探险【✔】
S2三次服：翡翠蜂蚁、7星无尾鞭蝎、6星拳击螳螂、硬树枝【客户端1-539】【小程序205-540】
S1三次服：荧光蚁、尼特纳巨首蚁（折扣）、7星无尾鞭蝎、6星拳击螳螂、硬树枝【客户端544-705】【小程序541-702】
S1未三次服：美丽蛛蚁、7星荧光蝎、硬树枝【客户端707-775】【小程序704-751】"
11月24日	11月25日	设置活动	珍宝商店【秋月，蜜巢，暗卉巫灵，风雪金玲, 改造精华、溢彩圣诞主堡皮肤、幸福甜蜜行军皮肤，草木有灵，星虹军团，枯木樱龙，楼落蝶梦】;1~775【✔】
11月24日	11月25日	设置活动	特化蚁对决1-770 截至10.26服务器773【✔】
11月24日	11月25日	设置活动	联盟远征（10月28号开的服，S1-S773）【11.25开】【✔】
11月24日	11月26日	设置活动	主题活动4回归自然（截止11.10开的服）1-775【✔】
11月25日	12月2日	跨服联盟GVE：设置活动	"通服跨服联盟GVE S775，截止11.14开的服+
S1-S773【客户端】
S205-S751【小程序】【✔】"
11月26日	12月2日	设置活动	世界BOSS【1-764，205-751】【✔】
11月27日	11月27日	设置活动	"黑骑士【✔】
客户端S1-S773
小程序S205-S751"
11月27日	11月30日	设置活动	VIP商店S1-S774【✔】
11月27日	12月9日	本服联盟GVE：设置活动	本服联盟GVE 开S777，截止11.28开的服【✔】
11月29日	11月30日	设置活动	周末狂欢1~774【✔】
11月29日	12月1日	设置活动	土拨鼠【✔】
12月1日	12月2日	设置活动	蚁群嘉年华1~776【兑换积分新内容】【✔】
12月1日	12月2日	设置活动	蚁群盛宴1~776【✔】
12月1日	12月2日	设置活动	野怪连储&7充5；1~775【✔】
12月1日	12月2日	设置活动	蚁后对决，全服开启，（共计45天）新服需要手动开启 注意！如果不是停服期间开活动那就必须预设08:15开！！！！！！【✔】
12月1日	12月2日	设置活动	联盟远征（11月4号开的服，S1-S774）【12.2开】【✔】
12月1日	12月2日	设置活动	【✔】旅行虫；活动7天【周一9点开】【1-764，205-751】；礼包不开
12月1日	12月3日	设置活动	主题活动1万物新生（截止11.17开的服） 1-776【✔】
12月2日	12月9日	跨服联盟GVE：设置活动	跨服联盟GVE 开S776，截止11.21开的服【✔】
12月3日	12月9日	设置活动	世界BOSS【1-764，205-751】【✔】
12月4日	12月5日	设置活动	"双倍券BP活动；礼包新配置【✔】
（开过赛季预告的服务器）
客户端1~764服；小程序205~751服"
12月4日	12月7日	设置活动	VIP商店S1-S775【✔】
12月4日	12月9日	设置活动	"【✔】落潮海岸;1~777
S2三次服：黑骑士龟蚁、1&2代蚂蚁折扣宝箱、6星金斑虎甲、6星荧光蝎、面面俱到、硬树枝【客户端1-539】【小程序205-540】
S1三次服：刺甲蚁、1代特化蚁折扣宝箱、6星金斑虎甲、6星荧光蝎、面面俱到、硬树枝【客户端544-705】【小程序541-702】
S1未三次服：黑金蛛蚁、青铜蚁（折扣）、7星赤锯锹甲虫、面面俱到、硬树枝【客户端707-777】【小程序704-751】"
12月4日	12月16日	本服联盟GVE：设置活动	本服联盟GVE 开S778，截止12.5开的服【✔】
12月6日	12月7日	设置活动	战斗礼包【✔】
12月6日	12月8日	设置活动	土拨鼠、罩子、邮件【✔】
12月8日	12月9日	设置活动	【✔】珍宝商店【秋月，蜜巢，暗卉巫灵，风雪金玲, 改造精华、溢彩圣诞主堡皮肤、幸福甜蜜行军皮肤，草木有灵，星虹军团，枯木樱龙，楼落蝶梦】;1~777
12月8日	12月9日	设置活动	联盟远征（11月11号开的服，S1-S775）【12.9开】【✔】
12月8日	12月10日	设置活动	主题活动2潮起潮落 1-777（截止11.24开的服）【✔】
12月9日	12月10日	设置活动	特化蚁对决1-775 截至11.10服务器775【✔】
12月9日	12月16日	跨服联盟GVE：设置活动	跨服联盟GVE 开S777，截止11.28开的服【✔】
12月10日	12月16日	设置活动	世界BOSS【1-764，205-751】【✔】
12月11日	12月11日	设置活动	"黑骑士，更新之后【✔】再预设
客户端S1-S775
小程序S205-S751
（后台不关活动）"
12月11日	12月14日	设置活动	VIP商店S1-S776【✔】
12月11日	12月16日	设置活动	"蜂群宝藏1~772【✔】
（青铜、黄蛛、红黑蚁、 美丽蛛蚁、黑金蛛蚁、荧光蚁、浮光蚁、刺甲蚁、琥珀刺蝽、黑骑士龟蚁、兵种改造宝箱*2）（荧光、浮光、刺甲蚁、需要满S1三次服务器才开）
琥珀刺蝽需要满S2三次服开启"
12月11日	12月23日	区域迁徙：设置礼包+分组	区域迁徙 S770~S774【✔】
12月11日	12月23日	本服联盟GVE：设置活动	本服联盟GVE 开S779，截止12.12开的服【✔】
12月13日	12月14日	设置活动	周末狂欢1~776【✔】
12月13日	12月15日	设置活动	土拨鼠【✔】
12月13日	12月23日	区域迁徙：设置活动+公布分组	区域迁徙 S770~S774【✔】
12月15日	12月16日	设置活动	新变异连储&7充5；1~776，截止11.16的服；随心储1~777【✔】
12月15日	12月16日	设置活动	联盟远征（11月18号开的服，S1-S776）【12.16开】【✔】
12月15日	12月16日	设置活动	礼包+分组预设+活动确认【✔】
12月15日	12月16日	设置活动	蚂蚁寻宝;【1-764，205-751】【✔】
12月15日	12月17日	设置活动	主题活动3旱季来临（截止12.1开的服） 1-778【✔】
12月15日	12月18日	设置活动	活动预设+公布分组【✔】
12月16日	12月23日	跨服联盟GVE：设置活动	跨服联盟GVE 开S778，截止12.5开的服【✔】
12月17日	12月23日	设置活动	世界BOSS【1-764，205-751】【✔】
12月18日	12月19日	设置活动	无限寻宝；1~764赛季服【✔】
12月18日	12月21日	设置活动	VIP商店S1-S777【✔】
12月18日	12月30日	本服联盟GVE：设置活动	本服联盟GVE 开S780，截止12.19开的服【✔】
12月20日	12月21日	设置活动	战斗礼包【✔】
12月20日	12月21日	设置活动	周末狂欢1~777【✔】
12月20日	12月22日	设置活动	土拨鼠、罩子、邮件【✔】
12月22日	12月23日	设置活动	联盟远征（11月25号开的服，S1-S777）【12.23开】【✔】
12月22日	12月24日	设置活动	"蚁群派对1~779【✔】
S2三次服：圣诞行军皮肤、特化蚁买一赠一宝箱(含红蛛蚁)、7星格斗家螳螂、硬树枝【客户端1-539】【小程序205-540】
S1三次服：圣诞行军皮肤、特化蚁买一赠一宝箱(含红蛛蚁)、7星格斗家螳螂、硬树枝【客户端544-705】【小程序541-702】
S1未三次服：圣诞行军皮肤、特化蚁买一赠一宝箱(含红蛛蚁)、7星金斑虎甲、硬树枝【客户端707-779】【小程序704-751】"
12月22日	12月24日	设置活动	【✔】珍宝商店【秋月，蜜巢，暗卉巫灵，风雪金玲, 改造精华、溢彩圣诞主堡皮肤、幸福甜蜜行军皮肤，草木有灵，星虹军团，枯木樱龙，楼落蝶梦】
12月22日	12月24日	设置活动	"买一送一活动1~779【✔】
（买1、2、3代特化蚁赠送1 2、3代）包含红蛛"
12月22日	12月24日	设置活动	"【✔】1000267：欢度圣诞节(浇水+事典+礼包)
【✔】1000268：欢度圣诞节(通行证)
【✔】1000269：欢度圣诞节(拼图)1~779"
12月22日	12月24日	设置活动	【✔】圣诞树活动（樱花树换皮）1~779；有浇水礼包要开31392【✔】
12月22日	12月24日	设置活动	双旦签到（14签10），全服，新服手动开【✔】
12月22日	12月24日	设置活动	主题活动4回归自然（截止12.8开的服）1-779【✔】
12月23日	12月30日	跨服联盟GVE：设置活动	"通服跨服联盟GVE S779，截止12.12开的服+
S1-S777【客户端】
S205-S751【小程序】【✔】"
12月24日	12月25日	设置活动	特化蚁对决1-777 截至11.25服务器777【✔】
12月25日	12月25日	设置活动	"黑骑士【✔】
客户端S1-S777
小程序S205-S751
（后台不关活动）"
12月25日	12月28日	设置活动	VIP商店S1-S778【✔】
12月25日	1月6日	本服联盟GVE：设置活动	本服联盟GVE 开S781，截止12.26开的服【✔】
12月27日	12月29日	设置活动	土拨鼠【✔】
12月29日	12月30日	设置活动	新改造连储&7充5，1~778，截止11.30的服；随心储1~779【✔】
12月29日	12月30日	设置活动	联盟远征（12月2号开的服，S1-S778）【12.30开】【✔】
12月29日	12月31日	设置活动	主题活动1万物新生（截止12.15开的服） 1-780【✔】
12月29日	1月1日	设置活动	"双倍券BP活动1~769【✔】
（开过赛季预告的服务器）
（配置调整）海外的美术"
12月30日	1月6日	跨服联盟GVE：设置活动	跨服联盟GVE 开S780，截止12.19开的服【✔】
12月31日	1月1日	设置活动	y
1月1日	1月4日	设置活动	VIP商店S1-S779【✔】
1月1日	1月13日	本服联盟GVE：设置活动	本服联盟GVE 开S782，截止1.2开的服【✔】
1月3日	1月4日	设置活动	战斗礼包【✔】
1月3日	1月5日	设置活动	土拨鼠、罩子、邮件【✔】
1月5日	1月6日	设置活动	蚁群狂欢1~781【✔】
1月5日	1月6日	设置活动	联盟远征（12月9号开的服，S1-S779）【1.6开】【✔】
1月5日	1月7日	设置活动	主题活动2潮起潮落 1-781（截止12.22开的服）【✔】
1月5日	1月8日	设置活动	十连抽，全服，新服手动开【✔】
1月6日	1月13日	跨服联盟GVE：设置活动	跨服联盟GVE 开S781，截止12.26开的服【✔】
1月8日	1月8日	设置活动	"黑骑士【✔】
客户端S1-S779
小程序S205-S751"
1月8日	1月9日	设置活动	无限寻宝；1~769赛季服【✔】
1月8日	1月9日	设置活动	特化蚁对决1-779 截至12.10服务器779【✔】
1月8日	1月11日	设置活动	VIP商店S1-S780【✔】
1月8日	1月20日	本服联盟GVE：设置活动	本服联盟GVE 开S783，截止1.9开的服【✔】
1月10日	1月11日	设置活动	周末狂欢1~780【✔】
1月10日	1月12日	设置活动	土拨鼠【✔】
1月12日	1月13日	设置活动	联盟远征（12月16号开的服，S1-S780）【1.13开】【✔】
1月12日	1月14日	设置活动	"洞穴探险1~782【✔】
S2三次服：新春野怪皮肤、翡翠蜂蚁、7星无尾蛛蝎、硬树枝【客户端1-630】【小程序205-620】
S1三次服：新春野怪皮肤、浮光蚁、7星无尾蛛蝎、硬树枝【客户端631-724】【小程序621-723】
S1未三次服：新春野怪皮肤、尼特纳巨首蚁、7星荧光蝎、硬树枝【客户端725-782】【小程序726-751】"
1月12日	1月14日	设置活动	珍宝商店【秋月，蜜巢，暗卉巫灵，风雪金玲, 改造精华、溢彩圣诞主堡皮肤、幸福甜蜜行军皮肤，草木有灵，星虹军团，枯木樱龙，楼落蝶梦】1~782【✔】
1月12日	1月14日	设置活动	春节三件套+后续3次商业化服务器，按首次商业化范围定死
1月12日	1月14日	设置活动	1000275: 新春限定福利庆典;1~782【✔】新春庆典第一阶段(不用单独开某章节，大活动一起的)
1月12日	1月14日	设置活动	春节3件套（哥斯拉联动换皮）核心投放聊天气泡+勋章；1000271: 新春限定福利（先开这个）;1~782【✔】
1月12日	1月14日	设置活动	主题活动3旱季来临（截止12.29开的服） 1-782【✔】
1月13日	1月20日	跨服联盟GVE：设置活动	跨服联盟GVE 开S782，截止1.2开的服【✔】
1月15日	1月18日	设置活动	VIP商店S1-S781【✔】
1月15日	1月27日	区域迁徙：设置礼包+分组	区域迁徙 S770~S779【✔】
1月15日	1月27日	本服联盟GVE：设置活动	本服联盟GVE 开S784，截止1.16开的服【✔】
1月17日	1月18日	设置活动	战斗礼包【✔】
1月17日	1月19日	设置活动	土拨鼠、罩子、邮件【✔】
1月17日	1月27日	区域迁徙：设置活动+公布分组	区域迁徙 S770~S779【✔】
1月19日	1月20日	设置活动	新野怪连储；截止12.21服务器1~781；&7充5:1~782【✔】
1月19日	1月20日	设置活动	蚁后对决，全服开启，（共计45天）新服需要手动开启 注意！如果不是停服期间开活动那就必须预设08:15开！！！！！！【✔】
1月19日	1月20日	设置活动	联盟远征（12月23号开的服，S1-S781）【1.20开】【✔】
1月19日	1月20日	设置活动	礼包+分组预设+活动确认【✔】
1月19日	1月20日	设置活动	特殊回流【✔】
1月19日	1月21日	设置活动	蚁群嘉年华1~783【✔】
1月19日	1月21日	设置活动	蚁群盛宴1~783【✔】
1月19日	1月21日	设置活动	新春庆典第二阶段(不用单独开某章节，大活动一起的)
1月19日	1月21日	设置活动	主题活动4回归自然（截止1.5开的服）1-783【✔】
1月19日	1月22日	设置活动	活动预设+公布分组【✔】
1月20日	1月27日	跨服联盟GVE：设置活动	"通服跨服联盟GVE S783，截止1.9开的服+
S1-S781【客户端】
S205-S751【小程序】【✔】"
1月21日	1月27日	设置活动	世界BOSS【1-769，205-751】【✔】
1月22日	1月22日	设置活动	"黑骑士【✔】
客户端S1-S781
小程序S205-S751"
1月22日	1月24日	设置活动	"蜂群宝藏;截止11.25服务器1~777【✔】
（兑换商店加入红蛛觉醒打折）
美丽蛛蚁、黑金蛛蚁、荧光蚁、浮光蚁、刺甲蚁、琥珀刺蝽、黑骑士龟蚁、翡翠蜂蚁、兵种改造宝箱*2
（S1三次荧光、浮光、刺甲）（S2三次琥珀、黑骑士、翡翠）"
1月22日	1月25日	设置活动	VIP商店S1-S782【✔】
1月22日	2月3日	本服联盟GVE：设置活动	本服联盟GVE 开S785，截止1.23开的服【✔】
1月23日	1月24日	设置活动	特化蚁对决1-780 截至12.25服务器781【✔】
1月23日	1月24日	设置活动	"目标用户：2022年9月24日~2025年1月16日注册用户，近7天内有登录但7天及以上未任何付费，持续时间打满10个野怪
连续停氪天数：7
开启渠道：全渠道【✔】"
1月24日	1月26日	设置活动	土拨鼠【✔】
1月26日	1月27日	设置活动	联盟远征（12月30号开的服，S1-S782）【1.27开】【✔】
1月26日	1月28日	设置活动	"落潮海岸1~782【✔】
S2三次服：新春主堡皮肤、新春野怪皮肤、红蛛&12代宝箱（打折）、6星荧光蝎、硬树枝【客户端1-630】【小程序205-620】
S1三次服：新春主堡皮肤、新春野怪皮肤、红蛛&12代宝箱（打折）、6星荧光蝎、硬树枝【客户端631-724】【小程序621-723】
S1未三次服：新春主堡皮肤、新春野怪皮肤、红蛛&1代宝箱（打折）、7星拳击螳螂、硬树枝【客户端725-782】【小程序726-751】"
1月26日	1月28日	设置活动	珍宝商店【秋月，蜜巢，暗卉巫灵，风雪金玲, 改造精华、溢彩圣诞主堡皮肤、幸福甜蜜行军皮肤，草木有灵，星虹军团，枯木樱龙，楼落蝶梦】1~782【✔】
1月26日	1月28日	设置活动	"买蚂蚁送觉醒活动1~782【✔】
（买1、2、3代特化蚁赠送1、 2、3代蚂蚁觉醒）
新增红蛛觉醒"
1月26日	1月28日	设置活动	"橡树祈愿1000272【✔】
拼图+BP+礼包一整套
（无排行榜）1~782"
1月26日	1月28日	设置活动	新春庆典第三阶段(不用单独开某章节，大活动一起的)
1月26日	1月28日	设置活动	新春签到；全服，新服手动开【✔】
1月26日	1月28日	设置活动	主题活动1万物新生（截止1.12开的服） 1-784【✔】
1月27日	2月3日	跨服联盟GVE：设置活动	跨服联盟GVE 开S784，截止1.16开的服【✔】
1月28日	2月3日	设置活动	世界BOSS【1-769，205-751】【✔】
1月29日	2月1日	设置活动	VIP商店S1-S783【✔】
1月29日	2月10日	本服联盟GVE：设置活动	本服联盟GVE 开S786，截止1.30开的服【✔】
1月31日	2月1日	设置活动	战斗礼包【✔】
1月31日	2月2日	设置活动	土拨鼠、罩子、邮件【✔】
2月2日	2月3日	设置活动	无限寻宝；1~769赛季服【✔】
2月2日	2月3日	设置活动	新春连储（1.4的服783）&7充5（1.13的服784）【✔】
2月2日	2月3日	设置活动	联盟远征（1月6号开的服，S1-S783）【2.3开】【✔】
2月2日	2月3日	设置活动	旅行虫；活动7天【周一9点开】【1-769，205-751】；礼包不开【✔】
2月2日	2月4日	设置活动	新春庆典第四阶段(不用单独开某章节，大活动一起的)
2月2日	2月4日	设置活动	主题活动2潮起潮落 1-785（截止1.19开的服）【✔】
2月2日	2月5日	设置活动	"双倍券BP活动1~769【✔】
（开过赛季预告的服务器）
（配置调整）海外的美术"
2月3日	2月10日	跨服联盟GVE：设置活动	跨服联盟GVE 开S785，截止1.23开的服【✔】
2月4日	2月10日	设置活动	世界BOSS【1-769，205-751】【✔】
2月5日	2月5日	设置活动	"黑骑士【✔】
客户端S1-S783
小程序S205-S751"
2月5日	2月8日	设置活动	VIP商店S1-S784【✔】
2月5日	2月17日	本服联盟GVE：设置活动	本服联盟GVE 截止2.6开的服，无新服
2月6日	2月7日	设置活动	追赶预告活动32天；签到32天；转盘30天(28+2)，转盘礼包28天【✔】
2月7日	2月8日	设置活动	特化蚁对决1-780 截至1.9服务器783【✔】
2月7日	2月9日	设置活动	土拨鼠【✔】
2月9日	2月10日	设置活动	联盟远征（1月13号开的服，S1-S784）【2.10开】【✔】
2月9日	2月11日	设置活动	"蚁群派对1~782【✔】
S2三次服：新春行军皮肤、野怪皮肤、主堡皮肤、琥珀刺蝽、7星格斗家螳螂、硬树枝【客户端1-630】【小程序205-620】
S1三次服：新春行军皮肤、野怪皮肤、主堡皮肤、荧光蚁、7星格斗家螳螂、硬树枝【客户端631-724】【小程序621-723】
S1未三次服：新春行军皮肤、野怪皮肤、主堡皮肤、美丽蛛蚁、7星金斑虎甲、硬树枝【客户端725-782】【小程序726-751】"
2月9日	2月11日	设置活动	珍宝商店【秋月，蜜巢，暗卉巫灵，风雪金玲, 改造精华、溢彩圣诞主堡皮肤、幸福甜蜜行军皮肤，草木有灵，星虹军团，枯木樱龙，楼落蝶梦】1~782【✔】
2月9日	2月11日	设置活动	新春庆典第五阶段(不用单独开某章节，大活动一起的)
2月9日	2月11日	设置活动	主题活动3旱季来临（截止1.26开的服） 1-785【✔】
2月10日	2月17日	跨服联盟GVE：设置活动	跨服联盟GVE 开S786，截止1.30开的服【✔】
2月11日	2月17日	设置活动	世界BOSS【1-769，205-751】【✔】
2月12日	2月15日	设置活动	VIP商店S1-S785【✔】
2月12日	2月17日	设置活动	"【✔】蜂群宝藏（兑换商店加入红蛛觉醒打折）1~781,截止12.20服务器
美丽蛛蚁、黑金蛛蚁、荧光蚁、浮光蚁、刺甲蚁、琥珀刺蝽、黑骑士龟蚁、翡翠蜂蚁、兵种改造宝箱*2
（S1三次荧光、浮光、刺甲）（S2三次琥珀、黑骑士、翡翠）"
2月12日	2月24日	本服联盟GVE：设置活动	本服联盟GVE 开S787，截止2.13开的服【✔】
2月14日	2月15日	设置活动	战斗礼包【✔】
2月14日	2月16日	设置活动	土拨鼠、罩子、邮件【✔】
2月16日	2月17日	设置活动	进化连充（赛季服）、非赛季服变异连充&7充5；随心储范围到第31天的服，截止1.18服，1~785【✔】
2月16日	2月17日	设置活动	联盟远征（1月20号开的服，S1-S785）【2.17开】【✔】
2月16日	2月17日	设置活动	蚂蚁寻宝;【1-769，205-751】【✔】
2月16日	2月18日	设置活动	主题活动4回归自然（截止2.2开的服）1-786【✔】
2月17日	2月24日	跨服联盟GVE：设置活动	"通服跨服联盟GVE 截止2.6开的服，无新服+
S1-S785【客户端】
S205-S751【小程序】【✔】"
2月18日	2月24日	设置活动	世界BOSS【1-769，205-751】【✔】
2月19日	2月19日	设置活动	"黑骑士【✔】
客户端S1-S785
小程序S205-S751"
2月19日	2月22日	设置活动	VIP商店S1-S786【✔】
2月19日	2月24日	设置活动	"洞穴探险（商业化打通）1~787【✔】
黑骑士龟蚁、7星枣掌铁甲、面面俱到、硬树枝"
2月19日	3月3日	本服联盟GVE：设置活动	本服联盟GVE 开S788，截止2.20开的服【✔】
2月21日	2月22日	设置活动	周末狂欢1~786【✔】
2月21日	2月23日	设置活动	土拨鼠【✔】
2月22日	2月23日	设置活动	特化蚁对决1-785 截至1.24服务器785【✔】
2月23日	2月24日	设置活动	7星枣掌铁甲-标头展示【✔】；野怪礼包8天;1~787【✔】
2月23日	2月24日	设置活动	珍宝商店【秋月，蜜巢，暗卉巫灵，风雪金玲, 改造精华、溢彩圣诞主堡皮肤、幸福甜蜜行军皮肤，草木有灵，星虹军团，枯木樱龙，楼落蝶梦，卷心精灵，珍珠缀放】1~787【✔】
2月23日	2月24日	设置活动	联盟远征（1月27号开的服，S1-S785）【2.24开】【✔】
2月23日	2月25日	设置活动	主题活动1万物新生（截止2.9开的服） 1-787【✔】
2月24日	3月3日	跨服联盟GVE：设置活动	跨服联盟GVE 开S787，截止2.13开的服【✔】
2月26日	3月1日	设置活动	VIP商店S1-S786【✔】
2月26日	3月10日	本服联盟GVE：设置活动	本服联盟GVE 开S789，截止2.27开的服【✔】
2月28日	3月1日	设置活动	战斗礼包【✔】
2月28日	3月1日	设置活动	周末狂欢1~786【✔】
2月28日	3月2日	设置活动	土拨鼠、罩子、邮件【✔】
3月2日	3月3日	设置活动	新变异连储&7充5；随心储;1~786，截止2.1的服【✔】
3月2日	3月3日	设置活动	联盟远征（2月3号开的服，S1-S786）【3.3开】【✔】
3月2日	3月4日	设置活动	"【新配置】1000202双倍券BP活动1~784
（开过赛季预告的服务器）
（配置调整）海外的美术【✔】"
3月2日	3月4日	设置活动	主题活动2潮起潮落 1-788（截止2.16开的服）【✔】
3月3日	3月10日	跨服联盟GVE：设置活动	跨服联盟GVE 开S788，截止2.20开的服【✔】
3月5日	3月5日	设置活动	"黑骑士【✔】
客户端S1-S786
小程序S205-S751"
3月5日	3月8日	设置活动	VIP商店S1-S787【✔】
3月5日	3月17日	本服联盟GVE：设置活动	本服联盟GVE 开S790，截止3.6开的服【✔】
3月7日	3月8日	设置活动	周末狂欢1~787【✔】
3月7日	3月9日	设置活动	土拨鼠【✔】
3月9日	3月10日	设置活动	"落潮海岸1~789【✔】
翡翠蜂蚁、7星无尾蛛蝎、6星彩虹圣甲虫、硬树枝"
3月9日	3月10日	设置活动	珍宝商店【秋月，蜜巢，暗卉巫灵，风雪金玲, 改造精华、溢彩圣诞主堡皮肤、幸福甜蜜行军皮肤，草木有灵，星虹军团，枯木樱龙，楼落蝶梦，卷心精灵，珍珠缀放】1~789【✔】
3月9日	3月10日	设置活动	蚁后对决，全服开启，（共计45天）新服需要手动开启 注意！如果不是停服期间开活动那就必须预设08:15开！！！！！！【✔】
3月9日	3月10日	设置活动	特化蚁对决1-787 截至2.8服务器787【✔】
3月9日	3月10日	设置活动	联盟远征（2月10号开的服，S1-S787）【3.10开】【✔】
3月9日	3月11日	设置活动	主题活动3旱季来临（截止2.23开的服） 1-789【✔】
3月10日	3月17日	跨服联盟GVE：设置活动	跨服联盟GVE 开S789，截止2.27开的服【✔】
3月12日	3月15日	设置活动	VIP商店S1-S788【✔】
3月12日	3月18日	设置活动	"蜂群宝藏1~785（兑换商店加入二代特化蚁蚂蚁觉醒打折）
荧光蚁、浮光蚁、刺甲蚁、琥珀刺蝽、黑骑士龟蚁、翡翠蜂蚁、兵种改造宝箱*2【✔】"
3月12日	3月24日	本服联盟GVE：设置活动	本服联盟GVE 开S791，截止3.13开的服【✔】
3月14日	3月15日	设置活动	战斗礼包【✔】
3月14日	3月15日	设置活动	周末狂欢1~788【✔】
3月14日	3月16日	设置活动	土拨鼠、罩子、邮件【✔】
3月16日	3月17日	设置活动	新野怪连储&7充5；截止2.15的服；1~788【✔】
3月16日	3月17日	设置活动	联盟远征（2月17号开的服，S1-S788）【3.17开】【✔】
3月16日	3月18日	设置活动	蚁群嘉年华1~790【✔】
3月16日	3月18日	设置活动	主题活动4回归自然（截止3.2开的服）1-790【✔】
3月17日	3月24日	跨服联盟GVE：设置活动	"通服跨服联盟GVES790，截止3.6开的服+
S1-S788【客户端】
S205-S751【小程序】【✔】"
3月19日	3月19日	设置活动	"黑骑士【✔】
客户端S1-S788
小程序S205-S751"
3月19日	3月22日	设置活动	VIP商店S1-S789【✔】
3月19日	3月31日	区域迁徙：设置礼包+分组	区域迁徙 S785~S789【✔】
3月19日	3月31日	本服联盟GVE：设置活动	本服联盟GVE 开S792，截止3.20开的服【✔】
3月20日	3月21日	设置活动	蚁群狂欢1~790【✔】
3月21日	3月23日	设置活动	土拨鼠【✔】
3月21日	3月31日	区域迁徙：设置活动+公布分组	区域迁徙 S785~S789【✔】
3月23日	3月24日	设置活动	联盟远征（2月24号开的服，S1-S789）【3.24开】【✔】
3月23日	3月24日	设置活动	礼包+分组预设+活动确认【✔】
3月23日	3月25日	设置活动	长足虎蚁-标头展示1~791【✔】
3月23日	3月25日	设置活动	"洞穴探险1~791【✔】
长足虎蚁、浮光蚁（折扣）、7星枣掌铁甲、硬树枝"
3月23日	3月25日	设置活动	珍宝商店【秋月，蜜巢，暗卉巫灵，风雪金玲, 改造精华、溢彩圣诞主堡皮肤、幸福甜蜜行军皮肤，草木有灵，星虹军团，枯木樱龙，楼落蝶梦，卷心精灵，珍珠缀放】1~791【✔】
3月23日	3月25日	设置活动	主题活动1万物新生（截止3.9开的服） 1-791【✔】
3月23日	3月26日	设置活动	活动预设+公布分组【✔】
3月24日	3月25日	设置活动	特化蚁对决1-789 截至2.23服务器789【✔】
3月24日	3月31日	跨服联盟GVE：设置活动	跨服联盟GVE 开S791，截止3.13开的服【✔】
3月25日	3月31日	设置活动	世界BOSS【1-784，205-751】【✔】
3月26日	3月29日	设置活动	VIP商店S1-S790【✔】
3月26日	4月7日	本服联盟GVE：设置活动	本服联盟GVE 开S793，截止3.27开的服【✔】
3月27日	3月28日	设置活动	战斗礼包【✔】
3月27日	3月29日	设置活动	土拨鼠、罩子、邮件【✔】
3月28日	3月29日	设置活动	周末狂欢1~790【✔】
3月29日	3月30日	设置活动	"双倍券BP活动； 784
（开过赛季预告的服务器）【✔】"
3月30日	3月31日	设置活动	进化连充（赛季服）非赛季服变异连充&7充5；1~790【✔】
3月30日	3月31日	设置活动	联盟远征（3月3号开的服，S1-S790）【3.31开】【✔】
3月30日	4月1日	设置活动	主题活动2潮起潮落 1-792（截止3.16开的服）【✔】
3月31日	4月7日	跨服联盟GVE：设置活动	跨服联盟GVE 开S792，截止3.20开的服【✔】
4月1日	4月7日	设置活动	世界BOSS【1-784，205-751】【✔】
4月2日	4月2日	设置活动	"黑骑士【✔】
客户端S1-S790
小程序S205-S751"
4月2日	4月5日	设置活动	VIP商店S1-S791【✔】
4月2日	4月8日	设置活动	"【✔】落潮海岸1~793（2.5周年折扣礼包 30元折扣）
春意铃兰主堡皮肤、黑骑士龟蚁、123代买一送一宝箱、7星无尾蛛蝎、硬树枝"
4月2日	4月14日	本服联盟GVE：设置活动	本服联盟GVE 开S794，截止4.3开的服【✔】
4月3日	4月5日	设置活动	土拨鼠【✔】
4月4日	4月5日	设置活动	无限寻宝；1~784赛季服【✔】
4月6日	4月7日	设置活动	联盟远征（3月10号开的服，S1-S791）【4.7开】【✔】
4月6日	4月7日	设置活动	旅行虫；活动7天【周一9点开】【1-784，205-751】；礼包不开【✔】
4月6日	4月8日	设置活动	【✔】珍宝商店【秋月，蜜巢，暗卉巫灵，风雪金玲, 改造精华、溢彩圣诞主堡皮肤、幸福甜蜜行军皮肤，草木有灵，星虹军团，枯木樱龙，楼落蝶梦，卷心精灵，珍珠缀放】1~793
4月6日	4月8日	设置活动	"【✔】买一送一活动1~793
赠送1、 2、3代）包含红蛛"
4月6日	4月8日	设置活动	"【✔】2.5周年事典+BP（30元+68元档位）++联盟樱花树+礼包
（头像框）1~793"
4月6日	4月8日	设置活动	【✔】万圣松鼠换皮1~793
4月6日	4月8日	设置活动	签到（10签7），全服，新服手动开【✔】
4月6日	4月8日	设置活动	主题活动3旱季来临（截止3.23开的服） 1-793【✔】
4月7日	4月14日	跨服联盟GVE：设置活动	跨服联盟GVE 开S793，截止3.27开的服【✔】
4月8日	4月9日	设置活动	特化蚁对决1-790 截至3.10服务器791【✔】
4月8日	4月14日	设置活动	世界BOSS【1-784，205-751】【✔】
4月9日	4月12日	设置活动	VIP商店S1-S792【✔】
4月9日	4月15日	设置活动	"【✔】蜂群宝藏（兑换商店加入红蛛觉醒打折）1~788，截止2.15的服
美丽蛛蚁、黑金蛛蚁、荧光蚁、浮光蚁、刺甲蚁、琥珀刺蝽、黑骑士龟蚁、翡翠蜂蚁、兵种改造宝箱*2"
4月9日	4月21日	本服联盟GVE：设置活动	本服联盟GVE 开S795，截止4.10开的服【✔】
4月10日	4月11日	设置活动	战斗礼包【✔】
4月10日	4月12日	设置活动	土拨鼠、罩子、邮件【✔】
4月13日	4月14日	设置活动	新变异连储&7充5；随心储;1~792，截止3.15的服【✔】
4月13日	4月14日	设置活动	联盟远征（3月17号开的服，S1-S792）【4.14开】【✔】
4月13日	4月15日	设置活动	主题活动4回归自然（截止3.30开的服）1-794【✔】
4月14日	4月21日	跨服联盟GVE：设置活动	"通服跨服联盟GVES794，截止4.3开的服+
S1-S792【客户端】
S205-S751【小程序】【✔】"
4月15日	4月21日	设置活动	世界BOSS【1-784，205-751】【✔】
4月16日	4月16日	设置活动	"黑骑士【✔】
客户端S1-S792
小程序S205-S751"
4月16日	4月19日	设置活动	VIP商店S1-S793【✔】
4月16日	4月28日	本服联盟GVE：设置活动	本服联盟GVE 开S796，截止4.17开的服【✔】
4月17日	4月18日	设置活动	最新版！1900128：野怪孵化20次（开服≥31天（也就是满30天，第31天）的服务器开启）1~792【✔】
4月17日	4月19日	设置活动	土拨鼠【✔】
4月18日	4月19日	设置活动	"洞穴探险1~795【✔】
长足虎蚁、新野怪皮肤（卢卡斯换皮）、7星枣掌铁甲、面面俱到升星礼盒（礼盒内容升级）、硬树枝"
4月18日	4月19日	设置活动	珍宝商店【秋月，蜜巢，暗卉巫灵，风雪金玲, 改造精华、溢彩圣诞主堡皮肤、幸福甜蜜行军皮肤，草木有灵，星虹军团，枯木樱龙，楼落蝶梦，卷心精灵，珍珠缀放】1~795【✔】
4月20日	4月21日	设置活动	联盟远征（3月24号开的服，S1-S793）【4.21开】【✔】
4月20日	4月21日	设置活动	蚂蚁寻宝;【1-784，205-751】【✔】
4月20日	4月22日	设置活动	主题活动1万物新生（截止4.6开的服） 1-795【✔】
4月21日	4月28日	跨服联盟GVE：设置活动	跨服联盟GVE 开S795，截止4.10开的服【✔】
4月22日	4月28日	设置活动	世界BOSS【1-784，205-751】【✔】
4月23日	4月24日	设置活动	特化蚁对决1-790 截至3.25服务器793【✔】
4月23日	4月26日	设置活动	VIP商店S1-S794【✔】
4月23日	5月5日	本服联盟GVE：设置活动	本服联盟GVE 开S797，截止4.24开的服【✔】
4月24日	4月25日	设置活动	战斗礼包【✔】
4月24日	4月25日	设置活动	蚁群盛宴1~795【✔】
4月24日	4月26日	设置活动	土拨鼠、罩子、邮件【✔】
4月27日	4月28日	设置活动	蚁后对决，全服开启，（共计45天）新服需要手动开启 注意！如果不是停服期间开活动那就必须预设08:15开！！！！！！【✔】
4月27日	4月28日	设置活动	联盟远征（3月31号开的服，S1-S794）【4.28开】【✔】
4月27日	4月29日	设置活动	主题活动2潮起潮落 1-796（截止4.13开的服）【✔】
4月27日	4月30日	设置活动	7星眼镜蛇枯叶螳螂【✔】；野怪礼包8天;1~796【✔】
4月27日	4月30日	设置活动	"蚁群派对1~796【✔】
翡翠蜂蚁、7星眼镜蛇枯叶螳螂、硬树枝"
4月27日	4月30日	设置活动	珍宝商店【秋月，蜜巢，暗卉巫灵，风雪金玲, 改造精华、溢彩圣诞主堡皮肤、幸福甜蜜行军皮肤，草木有灵，星虹军团，枯木樱龙，楼落蝶梦，卷心精灵，珍珠缀放】1~796【✔】
4月27日	4月30日	设置活动	五一签到，全服，新服手动开【✔】
4月28日	5月5日	跨服联盟GVE：设置活动	跨服联盟GVE 开S796，截止4.17开的服【✔】
4月30日	4月30日	设置活动	"黑骑士【✔】
客户端S1-S794
小程序S205-S751"
4月30日	5月3日	设置活动	VIP商店S1-S795【✔】
4月30日	5月12日	本服联盟GVE：设置活动	本服联盟GVE 开S798，截止5.1开的服【✔】
5月1日	5月3日	设置活动	土拨鼠【✔】
5月4日	5月5日	设置活动	惊喜转盘+配套礼包1~797【✔】
5月4日	5月5日	设置活动	联盟远征（4月7号开的服，S1-S795）【5.5开】【✔】
5月4日	5月6日	设置活动	"【五一包装】1000202双倍券BP活动
（开过赛季预告的服务器）1~789【✔】"
5月4日	5月6日	设置活动	主题活动3旱季来临（截止4.20开的服） 1-797【✔】
5月4日	5月6日	设置活动	十连抽1~799【✔】
5月5日	5月12日	跨服联盟GVE：设置活动	跨服联盟GVE 开S797，截止4.24开的服【✔】
5月7日	5月10日	设置活动	VIP商店S1-S796【✔】
5月7日	5月13日	设置活动	"蜂群宝藏1~792，截止3.15的服
美丽蛛蚁、黑金蛛蚁、荧光蚁、浮光蚁、刺甲蚁、琥珀刺蝽、黑骑士龟蚁、翡翠蜂蚁、长足虎蚁、兵种改造宝箱*2【✔】"
5月7日	5月19日	本服联盟GVE：设置活动	本服联盟GVE 开S799，截止5.8开的服【✔】
5月8日	5月9日	设置活动	战斗礼包【✔】
5月8日	5月9日	设置活动	特化蚁对决1-795 截至4.9服务器795【✔】
5月8日	5月10日	设置活动	土拨鼠、罩子、邮件【✔】
5月9日	5月10日	设置活动	1~796
5月9日	5月10日	设置活动	周末狂欢1~796【✔】
5月9日	5月12日	设置活动	自选周卡1~789赛季范围【✔】
5月11日	5月12日	设置活动	蚁群嘉年华1~798【✔】
5月11日	5月12日	设置活动	新野怪连储&7充5；截止4.12的服1~796【✔】
5月11日	5月12日	设置活动	联盟远征（4月14号开的服，S1-S796）【5.12开】【✔】
5月11日	5月13日	设置活动	主题活动4回归自然（截止4.27开的服）1-798【✔】
5月12日	5月19日	跨服联盟GVE：设置活动	"通服跨服联盟GVE S798，截止5.1开的服+
S1-S796【客户端】
S205-S751【小程序】【✔】"
5月14日	5月14日	设置活动	"黑骑士【✔】
客户端S1-S796
小程序S205-S751"
5月14日	5月17日	设置活动	【✔】VIP商店S1-S797 熔岩核心
5月14日	5月26日	本服联盟GVE：设置活动	本服联盟GVE 开S800，截止5.15开的服【✔】
5月16日	5月17日	设置活动	周末狂欢S1-S797【✔】
5月16日	5月18日	设置活动	土拨鼠【✔】
5月17日	5月18日	设置活动	1~797
5月18日	5月19日	设置活动	野怪孵化周，截止4.19的服1~797【✔】
5月18日	5月19日	设置活动	联盟远征（4月21号开的服，S1-S797）【5.19开】【✔】
5月18日	5月20日	设置活动	"落潮海岸落潮海岸（一键打野功能）
铁喙象蚁、7星枣掌铁甲、硬树枝1~799，截止5.5的服【✔】"
5月18日	5月20日	设置活动	珍宝商店【秋月，蜜巢，暗卉巫灵，风雪金玲, 改造精华、溢彩圣诞主堡皮肤、幸福甜蜜行军皮肤，草木有灵，星虹军团，枯木樱龙，楼落蝶梦，卷心精灵，珍珠缀放】1~799【✔】
5月18日	5月20日	设置活动	标头1~799【✔】
5月18日	5月20日	设置活动	主题活动1万物新生（截止5.4开的服） 1-799【✔】
5月19日	5月26日	跨服联盟GVE：设置活动	跨服联盟GVE 开S799，截止5.8开的服【✔】
5月21日	5月24日	设置活动	VIP商店S1-S798【✔】
5月21日	6月2日	本服联盟GVE：设置活动	本服联盟GVE 开S801，截止5.22开的服【✔】
5月23日	5月24日	设置活动	战斗礼包【✔】
5月23日	5月24日	设置活动	特化蚁对决1-797 截至4.24服务器797【✔】
5月23日	5月25日	设置活动	土拨鼠、罩子、邮件【✔】
5月23日	5月26日	设置活动	"进化连冲-赛季服&7充5
非赛季服兵种改造；截止4.26的服1~798【✔】"
5月24日	5月25日	设置活动	1~798
5月25日	5月26日	设置活动	联盟远征（4月28号开的服，S1-S798）【5.26开】【✔】
5月25日	5月27日	设置活动	无限寻宝1~789【✔】
5月25日	5月27日	设置活动	主题活动2潮起潮落 1-800（截止5.11开的服）【✔】
5月26日	6月2日	跨服联盟GVE：设置活动	跨服联盟GVE 开S800，截止5.15开的服【✔】
5月27日	6月2日	设置活动	世界BOSS【1-789，205-751】【✔】
5月28日	5月28日	设置活动	"黑骑士【✔】
客户端S1-S798
小程序S205-S751"
5月28日	5月29日	设置活动	蚁群狂欢【端午皮】1~800【✔】
5月28日	5月29日	设置活动	端午签到，全服，新服手动开【✔】
5月28日	5月31日	设置活动	VIP商店S1-S799【✔】
5月28日	6月9日	本服联盟GVE：设置活动	本服联盟GVE 开S802，截止5.29开的服【✔】
5月30日	6月1日	设置活动	土拨鼠【✔】
5月31日	6月1日	设置活动	1~799
6月1日	6月2日	设置活动	联盟远征（5月5号开的服，S1-S799）【6.2开】【✔】
6月1日	6月3日	设置活动	"洞穴探险1~801【✔】
猎食盛宴行军皮肤、翡翠蜂蚁、长足虎蚁、6星格斗家螳螂、硬树枝"
6月1日	6月3日	设置活动	珍宝商店【秋月，蜜巢，暗卉巫灵，风雪金玲, 改造精华、溢彩圣诞主堡皮肤、幸福甜蜜行军皮肤，草木有灵，星虹军团，枯木樱龙，楼落蝶梦，卷心精灵，珍珠缀放】1~801【✔】
6月1日	6月3日	设置活动	小事典1~801【✔】
6月1日	6月3日	设置活动	主题活动3旱季来临（截止5.18开的服） 1-801【✔】
6月2日	6月9日	跨服联盟GVE：设置活动	跨服联盟GVE 开S801，截止5.22开的服【✔】
6月3日	6月9日	设置活动	世界BOSS【1-789，205-751】【✔】
6月4日	6月7日	设置活动	VIP商店S1-S800【✔】
6月4日	6月16日	区域迁徙：设置礼包+分组	区域迁徙 S790~S794【✔】
6月4日	6月16日	本服联盟GVE：设置活动	本服联盟GVE 开S803，截止6.5开的服【✔】
6月6日	6月7日	设置活动	战斗礼包【✔
6月6日	6月8日	设置活动	土拨鼠、罩子、邮件【✔
6月6日	6月16日	区域迁徙：设置活动+公布分组	区域迁徙 S790~S794【✔】
6月7日	6月8日	设置活动	799~800
6月7日	6月8日	设置活动	特化蚁对决1-800 截至5.9服务器800【✔】
6月8日	6月9日	设置活动	惊喜转盘+配套礼包1~802【✔】
6月8日	6月9日	设置活动	新野怪连储&7充5；截止5.10的服1~800【✔】
6月8日	6月9日	设置活动	联盟远征（5月12号开的服，S1-S800）【6.9开】【✔】
6月8日	6月9日	设置活动	礼包+分组预设+活动确认【✔】
6月8日	6月9日	设置活动	旅行虫；活动7天【周一9点开】【1-789，205-751】；礼包不开【✔】
6月8日	6月10日	设置活动	"双倍券BP活动1~789【✔】
（开过赛季预告的服务器）"
6月8日	6月10日	设置活动	主题活动4回归自然（截止5.25开的服）1-802【✔】
6月8日	6月11日	设置活动	活动预设+公布分组【✔】
6月9日	6月16日	跨服联盟GVE：设置活动	"通服跨服联盟GVE S802，截止5.29开的服+
S1-S800【客户端】
S205-S751【小程序】【✔】"
6月10日	6月16日	设置活动	世界BOSS【1-789，205-751】【✔】
6月11日	6月11日	设置活动	"黑骑士【✔】
客户端S1-S800
小程序S205-S751"
6月11日	6月14日	设置活动	VIP商店S1-S801【✔】
6月11日	6月23日	区域迁徙：设置礼包+分组	区域迁徙 S795~S799【✔】
6月11日	6月23日	本服联盟GVE：设置活动	本服联盟GVE 开S804，截止6.12开的服【✔】
6月13日	6月14日	设置活动	周末狂欢S1-S801【✔】
6月13日	6月15日	设置活动	土拨鼠【✔】
6月13日	6月23日	区域迁徙：设置活动+公布分组	区域迁徙 S795~S799【✔】
6月14日	6月15日	设置活动	1~801
6月14日	6月15日	设置活动	积分调整
6月15日	6月16日	设置活动	野怪孵化周，截止5.17的服1~801【✔】
6月15日	6月16日	设置活动	【✔】蚁后对决，全服开启，（共计45天）新服需要手动开启 注意！如果不是停服期间开活动那就必须预设08:15开！！！！！！
6月15日	6月16日	设置活动	联盟远征（5月19号开的服，S1-S801）【6.16开】【✔】
6月15日	6月16日	设置活动	礼包【✔】
6月15日	6月17日	设置活动	【✔】7星异色毒萤；【✔】野怪礼包8天;1~803
6月15日	6月17日	设置活动	"【✔】蚁群派对1~803，截止6.2服务器（5档和10档加入二代商业化蚂蚁）
铁喙象蚁、琥珀刺蝽、7星异色毒萤、硬树枝"
6月15日	6月17日	设置活动	【✔】珍宝商店【秋月，蜜巢，暗卉巫灵，风雪金玲, 改造精华、溢彩圣诞主堡皮肤、幸福甜蜜行军皮肤，草木有灵，星虹军团，枯木樱龙，楼落蝶梦，卷心精灵，珍珠缀放】1~803
6月15日	6月17日	设置活动	主题活动1万物新生（截止6.1开的服） 1-803【✔】
6月16日	6月23日	跨服联盟GVE：设置活动	跨服联盟GVE 开S803，截止6.5开的服【✔】
6月17日	6月23日	设置活动	世界BOSS【1-789，205-751】【✔】
6月18日	6月19日	设置活动	分组设置+活动确认+活动预设+公布分组【✔】
6月18日	6月21日	设置活动	VIP商店S1-S802【✔】
6月18日	6月23日	设置活动	"【✔】蜂群宝藏，截止4.25服务器1~798
美丽蛛蚁、黑金蛛蚁、荧光蚁、浮光蚁、刺甲蚁、琥珀刺蝽、黑骑士龟蚁、翡翠蜂蚁、长足虎蚁、兵种改造宝箱*2"
6月18日	6月30日	本服联盟GVE：设置活动	本服联盟GVE 开S805，截止6.19开的服【✔】
6月20日	6月21日	设置活动	战斗礼包【✔】
6月20日	6月22日	设置活动	土拨鼠、罩子、邮件【✔】
6月21日	6月22日	设置活动	801~802
6月21日	6月22日	设置活动	积分调整
6月22日	6月23日	设置活动	新变异连储&7充5；随心储;1~802，截止5.24的服【✔】
6月22日	6月23日	设置活动	特化蚁对决1-800，截至5.24服务器802【✔】
6月22日	6月23日	设置活动	联盟远征（5月26号开的服，S1-S802）【6.23开】【✔】
6月22日	6月23日	设置活动	蚂蚁寻宝;【1-789，205-751】【✔】
6月22日	6月24日	设置活动	主题活动2潮起潮落 1-804（截止6.8开的服）【✔】
6月23日	6月30日	跨服联盟GVE：设置活动	跨服联盟GVE 开S804，截止6.12开的服【✔】
6月24日	6月30日	设置活动	世界BOSS【1-789，205-751】【✔】
6月25日	6月25日	设置活动	"黑骑士【✔】
客户端S1-S802
小程序S205-S751"
6月25日	6月28日	设置活动	"VIP商店S1-S803【✔】
VIP钻石商店退星残壳：
原20,000钻石/个，每期上限1个，调整为10,000钻石/个，每期上限3个"
6月25日	6月30日	设置活动	"【✔】落潮海岸1~805（珍宝商店：新增绒绒夹竹和浪漫乐章行军皮肤）
野怪皮肤（4选一，复刻投放）、长足虎蚁、黑骑士龟蚁、7星眼镜蛇枯叶螳螂、硬树枝"
6月25日	7月7日	本服联盟GVE：设置活动	本服联盟GVE 开S806，截止6.26开的服【✔】
6月26日	6月27日	设置活动	蚁群盛宴1~804【✔】
6月27日	6月29日	设置活动	土拨鼠【✔】
6月28日	6月29日	设置活动	1~803
6月29日	6月30日	设置活动	兑换商店新增1个主堡，1个行军【✔】
6月29日	6月30日	设置活动	【✔】珍宝商店【秋月，蜜巢，暗卉巫灵，风雪金玲, 改造精华、溢彩圣诞主堡皮肤、幸福甜蜜行军皮肤，草木有灵，星虹军团，枯木樱龙，楼落蝶梦，卷心精灵，珍珠缀放、绒绒夹竹、浪漫乐章】1~805
6月29日	6月30日	设置活动	联盟远征（6月2号开的服，S1-S803）【6.30开】【✔】
6月29日	7月1日	设置活动	主题活动3旱季来临（截止6.15开的服） 1-805【✔】
6月30日	7月7日	跨服联盟GVE：设置活动	跨服联盟GVE 开S805，截止6.19开的服【✔】
7月2日	7月5日	设置活动	VIP商店S1-S804【✔】
7月2日	7月14日	本服联盟GVE：设置活动	"1000902：国服-拯救蚜虫-本服 
本服联盟GVE 开S807，截止7.3开的服【✔】"
7月4日	7月5日	设置活动	战斗礼包【✔】
7月4日	7月5日	设置活动	周末狂欢1~804【✔】
7月4日	7月6日	设置活动	土拨鼠、罩子、邮件【✔】
7月4日	7月7日	设置活动	自选周卡1~799赛季服【✔】
7月4日	7月7日	设置活动	"进化连冲-赛季服&7充5
非赛季服兵种改造；截止6.7的服1~804【✔】"
7月5日	7月6日	设置活动	803~804
7月6日	7月7日	设置活动	"双倍券BP活动1~799【✔】
（开过赛季预告的服务器）"
7月6日	7月7日	设置活动	联盟远征（截止6月9号开的服，S1-S804）【7.7开】【✔】
7月6日	7月8日	设置活动	更新维护后预设！ 开服满15d的服 惊喜转盘+配套礼包(更新后设置) 1-806 截止6.23开的服【✔】
7月6日	7月8日	设置活动	主题活动4回归自然（截止6.22开的服）1-806【✔】
7月7日	7月8日	设置活动	特化蚁对决1-800，截至6.8服务器804【✔】
7月7日	7月14日	跨服联盟GVE：设置活动	"1000905：国服-拯救蚜虫-跨服
通服跨服联盟GVE S806，截止6.26开的服+
S1-S804【客户端】
S205-S751【小程序】【✔】"
7月9日	7月9日	设置活动	"黑骑士【✔】
客户端S1-S804
小程序S205-S751"
7月9日	7月12日	设置活动	"VIP商店S1-S805【✔】
1,500,000水道具价格调整：
原6400钻石/个，折扣20%，调整为2800钻石/个，折扣15%"
7月9日	7月21日	本服联盟GVE：设置活动	本服联盟GVE 开SS808，截止7.10开的服【✔】
7月11日	7月12日	设置活动	无限寻宝(1~789)赛季服【✔】
7月12日	7月13日	设置活动	"土拨鼠1~805【✔】
（32364: 火力全开：进攻土拨鼠（26/6/30版本））"
7月13日	7月14日	设置活动	"野怪孵化周，截止0614的服（开服≥31天（也就是满30天，第31天）的服务器开启）1~805
(更新后设置)【✔】"
7月13日	7月14日	设置活动	联盟远征（截止6月16号开的服，S1-S805）【7.14开】【✔】
7月13日	7月15日	设置活动	黑棘绒蚁标头1~807(更新后设置)【✔】
7月13日	7月15日	设置活动	"洞穴探险1~807(更新后设置)
黑棘绒蚁、7星枣掌铁甲、6星无尾蛛蝎、硬树枝【✔】"
7月13日	7月15日	设置活动	珍宝商店【秋月，蜜巢，暗卉巫灵，风雪金玲, 改造精华、溢彩圣诞主堡皮肤、幸福甜蜜行军皮肤，草木有灵，星虹军团，枯木樱龙，楼落蝶梦，卷心精灵，珍珠缀放、绒绒夹竹、浪漫乐章】1~807【✔】
7月13日	7月15日	设置活动	主题活动1万物新生（截止6.29开的服） 1-807【✔】
7月14日	7月21日	跨服联盟GVE：设置活动	跨服联盟GVE 开S807，截止7.3开的服【✔】
7月16日	7月19日	设置活动	"VIP商店S1-S806【✔】
1,500,000水道具价格调整：
原6400钻石/个，折扣20%，调整为2800钻石/个，折扣15%"
7月16日	7月28日	区域迁徙：设置礼包+分组	区域迁徙 S800~S804【✔】
7月16日	7月28日	本服联盟GVE：设置活动	本服联盟GVE 开S809，截止7.17开的服【✔】
7月18日	7月19日	设置活动	战斗礼包【✔】
7月18日	7月20日	设置活动	土拨鼠礼包【✔】、罩子【✔】、邮件【✔】
7月18日	7月28日	区域迁徙：设置活动+公布分组	区域迁徙 S800~S804【✔】
7月20日	7月21日	设置活动	蚁群嘉年华1~808 (满15天的服，截止7.6及之前的服务器)【✔】
7月20日	7月21日	设置活动	蚁群盛宴1~808【✔】
7月20日	7月21日	设置活动	新野怪连储【✔】&7充5【✔】；截止6.21的服 1~806
7月20日	7月21日	设置活动	联盟远征（截止6月23号开的服，S1-S806）【7.21开】【✔】
7月20日	7月21日	设置活动	礼包【✔】+分组预设【✔】+活动确认【✔】
7月20日	7月21日	设置活动	预设下周本服gve【✔】
7月20日	7月22日	设置活动	主题活动2潮起潮落 1-808（截止7.6开的服）【✔】
7月20日	7月23日	设置活动	活动预设+公布分组
7月20日	7月23日	设置活动	特殊回流(北京时间)7月23日08:00:00 -8月20日 07:59:59【✔】
7月20日	7月23日	设置活动	"目标用户：2022年9月24日~2025年7月16日注册用户，近7天内有登录但7天及以上未任何付费，持续时间打满10个野怪【✔】
连续停氪天数：7
开启渠道：全渠道"
7月21日	7月28日	跨服联盟GVE：设置活动	跨服联盟GVE 开S808，截止7.10开的服【✔】
7月22日	7月23日	设置活动	特化蚁对决1-806，截至6.23服务器806【✔】
7月22日	7月28日	设置活动	世界BOSS【1-799，205-751】【✔】
7月23日	7月23日	设置活动	"黑骑士
客户端S1-S806
小程序S205-S751【✔】"
7月23日	7月24日	设置活动	"蜂群宝藏（二代特化蚁加入打折商店）1-802
荧光蚁、浮光蚁、刺甲蚁、琥珀刺蝽、黑骑士龟蚁、翡翠蜂蚁、长足虎蚁、铁喙象蚁、兵种改造宝箱*2【✔】"
7月23日	7月26日	设置活动	VIP商店S1-S807【✔】
7月23日	8月4日	本服联盟GVE：设置活动	本服联盟GVE 开S810，截止7.24开的服【✔】
7月25日	7月26日	设置活动	周末狂欢1~807【✔】
7月26日	7月27日	设置活动	"土拨鼠
（32364: 火力全开：进攻土拨鼠（26/6/30版本））"
7月27日	7月28日	设置活动	"落潮海岸 1-809【✔】
铁喙象蚁、翡翠蜂蚁、7星异色毒萤、硬树枝"
7月27日	7月28日	设置活动	珍宝商店【秋月，蜜巢，暗卉巫灵，风雪金玲, 改造精华、溢彩圣诞主堡皮肤、幸福甜蜜行军皮肤，草木有灵，星虹军团，枯木樱龙，楼落蝶梦，卷心精灵，珍珠缀放、绒绒夹竹、浪漫乐章】【✔】
7月27日	7月28日	设置活动	联盟远征（截止6月30号开的服，S1-S807）【7.28开】【✔】
7月27日	7月28日	设置活动	预设下周本服gve
7月27日	7月29日	设置活动	主题活动3旱季来临（截止7.13开的服） 1-809【✔】
7月28日	8月4日	跨服联盟GVE：设置活动	跨服联盟GVE 开S809，截止7.17开的服【✔】
7月29日	8月4日	设置活动	世界BOSS【1-799，205-751】【✔】
7月30日	8月2日	设置活动	VIP商店S1-S808【✔】
7月30日	8月11日	本服联盟GVE：设置活动	本服联盟GVE 开S811 , S812，截止7.31开的服【✔】
8月1日	8月2日	设置活动	战斗礼包【✔】
8月1日	8月2日	设置活动	兑换多一天
8月1日	8月3日	设置活动	土拨鼠【✔】、罩子【✔】、邮件【✔】
8月1日	8月4日	设置活动	自选周卡 赛季服 1-799【✔】
8月3日	8月4日	设置活动	开服满15d的服 惊喜转盘第二代+配套礼包(更新后设置) 1-810 截止7.20开的服【✔】
8月3日	8月4日	设置活动	新变异连储&7充5；随心储;1~808，截止7.5的服【✔】
8月3日	8月4日	设置活动	蚁后对决，全服开启，（共计45天）新服需要手动开启 注意！如果不是停服期间开活动那就必须预设08:15开！！！！！！【✔】
8月3日	8月4日	设置活动	联盟远征（截止7月7号开的服，S1-S808）【✔】
8月3日	8月4日	设置活动	预设下周本服gve
8月3日	8月5日	设置活动	"双倍券BP活动1~799【✔】
（开过赛季预告的服务器）"
8月3日	8月5日	设置活动	主题活动4回归自然（截止7.20开的服）1-810【✔】
8月4日	8月11日	跨服联盟GVE：设置活动	"通服跨服联盟GVE S810，截止7.24开的服+
S1-S808【✔】"
8月5日	8月11日	设置活动	世界BOSS【1-799，205-751】【✔】
8月6日	8月6日	设置活动	"黑骑士
客户端S1-S808
小程序S205-S751【✔】"
8月6日	8月7日	设置活动	特化蚁对决1-808，截至7.8服务器808【✔】
8月6日	8月9日	设置活动	VIP商店S1-S809【✔】
8月6日	8月18日	本服联盟GVE：设置活动	本服联盟GVE 开S813，截止8.7开的服【✔】
8月8日	8月9日	设置活动	周末狂欢1~809【✔】
8月9日	8月10日	设置活动	"土拨鼠
（32364: 火力全开：进攻土拨鼠（26/6/30版本））"
8月10日	8月11日	设置活动	野怪孵化周，截止7.12的服（开服≥31天（也就是满30天，第31天）的服务器开启）1~809【✔】
8月10日	8月11日	设置活动	联盟远征（截止7月14号开的服，S1-S809）【✔】
8月10日	8月11日	设置活动	预设下周本服gve
8月10日	8月12日	设置活动	"洞穴探险1~811(更新后设置)【✔】
黑棘绒蚁、7星眼镜蛇枯叶螳、硬树枝"
8月10日	8月12日	设置活动	珍宝商店【秋月，蜜巢，暗卉巫灵，风雪金玲, 改造精华、溢彩圣诞主堡皮肤、幸福甜蜜行军皮肤，草木有灵，星虹军团，枯木樱龙，楼落蝶梦，卷心精灵，珍珠缀放、绒绒夹竹、浪漫乐章】【✔】
8月10日	8月12日	设置活动	主题活动1万物新生（截止7.27开的服） 1-811【✔】
8月11日	8月18日	跨服联盟GVE：设置活动	跨服联盟GVE 开S811 , S812，截止7.31开的服【✔】
8月12日	8月18日	设置活动	世界BOSS【1-799，205-751】【✔】
8月13日	8月16日	设置活动	VIP商店S1-S810【✔】
8月13日	8月18日	设置活动	"蜂群宝藏1~805【✔】开服满60天服务器
荧光蚁、浮光蚁、刺甲蚁、琥珀刺蝽、黑骑士龟蚁、翡翠蜂蚁、长足虎蚁、铁喙象蚁、兵种改造宝箱*2"
8月13日	8月25日	本服联盟GVE：设置活动	本服联盟GVE 开S814，截止8.14开的服【✔】
8月15日	8月16日	设置活动	"战斗礼包
31328: 最强限定：战斗特供【✔】"
8月15日	8月17日	设置活动	土拨鼠【✔】、罩子【✔】、邮件【✔】
8月15日	8月18日	设置活动	"进化连冲-赛季服&7充5【✔】
非赛季服兵种改造；7充5 截止7.19的服1~810"
8月16日	8月17日	设置活动	兑换多一天
8月17日	8月18日	设置活动	联盟远征（截止7月21号开的服，S1-S810）【✔】
8月17日	8月18日	设置活动	旅行虫；活动7天【周一9点开】【1-799，205-751】；礼包不开 【✔】
8月17日	8月18日	设置活动	预设下周本服gve
8月17日	8月19日	设置活动	主题活动2潮起潮落 （截止8.3开的服）1-812【✔】
8月18日	8月25日	跨服联盟GVE：设置活动	跨服联盟GVE 开S813，截止8.7开的服【✔】
8月19日	8月25日	设置活动	世界BOSS【1-799，205-751】【✔】
8月20日	8月20日	设置活动	"黑骑士
客户端S1-S810
小程序S205-S751
周一预设【✔】"
8月20日	8月21日	设置活动	蚁群狂欢 1~813 开服满15d，截止8/6开的服【✔】
8月20日	8月23日	设置活动	VIP商店S1-S812【✔】
8月20日	9月1日	区域迁徙：设置礼包+分组	区域迁徙 S805~S809【✔】
8月20日	9月1日	本服联盟GVE：设置活动	本服联盟GVE 开S815，截止8.21开的服【✔】
8月21日	8月22日	设置活动	特化蚁对决1-810，截至7.23 服务器810【✔】
8月22日	8月24日	设置活动	土拨鼠【✔】
8月22日	9月1日	区域迁徙：设置活动+公布分组	区域迁徙 S805~S809【✔】
8月24日	8月25日	设置活动	联盟远征（截止7月28号开的服，S1-S811）【✔】
8月24日	8月25日	设置活动	礼包【✔】+分组预设【✔】+活动确认【✔】
8月24日	8月25日	设置活动	预设下周本服gve
8月24日	8月26日	设置活动	30432：限时特供：野怪星级转换 礼包，同标头展示活动服务器范围 1-814【✔】
8月24日	8月26日	设置活动	"7星翡翠金龟甲标头展示活动;1~814
1000276：强力野怪——{name}【✔】"
8月24日	8月26日	设置活动	"蚁群派对1~814，截止8.11服务器
夏浪欢歌主堡皮肤、铁喙象蚁、长足虎蚁、7星翡翠金龟甲、硬树枝【✔】"
8月24日	8月26日	设置活动	1-814 珍宝商店【秋月，蜜巢，暗卉巫灵，风雪金玲, 改造精华、溢彩圣诞主堡皮肤、幸福甜蜜行军皮肤，草木有灵，星虹军团，枯木樱龙，楼落蝶梦，卷心精灵，珍珠缀放、绒绒夹竹、浪漫乐章】【✔】
8月24日	8月26日	设置活动	第一章：庆典寻宝（6d） 31707: 锋利叶片限定特卖 【✔】每日刷新，新服不自动开启，新服手动开
8月24日	8月26日	设置活动	"1000298：三周年庆典（章节兑换商店） 免费 紫色主堡皮肤 三周年事典活动（蚁庆丰年紫色行军皮肤） 三周年福利活动（章节皮肤标头活动） 头像框（硕果欢歌）+迁巢特效（萌芽之辉）+勋章（三周年勋章，可升3级）
全服开，截止9/25的新服开，后面新服不开【✔】"
8月24日	8月26日	设置活动	主题活动3旱季来临（截止8.10开的服） 1-814【✔】
8月24日	8月27日	设置活动	活动预设【✔】+公布分组【✔】
8月25日	9月1日	跨服联盟GVE：设置活动	跨服联盟GVE 开S814，截止8.14开的服【✔】
8月26日	9月1日	设置活动	世界BOSS【1-799，205-751】【✔】
8月27日	8月30日	设置活动	VIP商店S1-S813【✔】
8月27日	9月8日	本服联盟GVE：设置活动	本服联盟GVE 开S816，截止8.28开的服【✔】
8月29日	8月30日	设置活动	"战斗礼包【✔】
31328: 最强限定：战斗特供"
8月29日	8月31日	设置活动	土拨鼠、罩子【✔】、邮件【✔】
8月30日	8月31日	设置活动	兑换多一天
8月31日	9月1日	设置活动	开服满15d的服 惊喜转盘第二代+配套礼包(更新后设置) 1-815 截止8.17开的服 【✔】
8月31日	9月1日	设置活动	第二章：招财神树（7d，浇水）31708: 神树捐献限定特卖 每日刷新，新服不自动开启，新服手动开【✔】
8月31日	9月1日	设置活动	新野怪连储【✔】&7充5【✔】；截止8.2的服 1~812
8月31日	9月1日	设置活动	联盟远征（截止8月4号开的服，S1-S813） 【✔】
8月31日	9月1日	设置活动	蚂蚁寻宝;【1-799，205-751】【✔】
8月31日	9月1日	设置活动	预设下周本服gve
8月31日	9月2日	设置活动	"双倍券BP活动1~799
（开过赛季预告的服务器）【✔】"
8月31日	9月2日	设置活动	主题活动4回归自然（截止8.17的服）1-815【✔】
9月1日	9月8日	跨服联盟GVE：设置活动	"1000905：国服-拯救蚜虫-跨服
通服跨服联盟GVE S815，截止8.21开的服+
S1-S813【✔】"
9月3日	9月3日	设置活动	"黑骑士
客户端S1-S813
小程序S205-S751【✔】"
9月3日	9月6日	设置活动	VIP商店S1-S814【✔】
9月3日	9月15日	本服联盟GVE：设置活动	本服联盟GVE 开S817，截止 9.4 开的服【✔】
9月5日	9月6日	设置活动	周末狂欢1~814【✔】
9月5日	9月6日	设置活动	特化蚁对决1-810，截至8.7 服务器813【✔】
9月5日	9月7日	设置活动	土拨鼠【✔】
9月7日	9月8日	设置活动	第三章：蚁蛉挑战（7d）挑战怪物 31709: 畸形残翅限定特卖 每日刷新，新服不自动开启，新服手动开【✔】
9月7日	9月8日	设置活动	联盟远征（截止8月11号开的服，S1-S814）【✔】
9月7日	9月8日	设置活动	预设下周本服gve
9月7日	9月9日	设置活动	"落潮海岸 1-816（截止8.25开的服，开服满15d）【✔】
夏浪欢歌主堡皮肤、引梦彩羽行军皮肤、黑棘绒蚁、7星异色毒萤、6星枣掌铁甲、硬树枝"
9月7日	9月9日	设置活动	珍宝商店【秋月，蜜巢，暗卉巫灵，风雪金玲, 改造精华、溢彩圣诞主堡皮肤、幸福甜蜜行军皮肤，草木有灵，星虹军团，枯木樱龙，楼落蝶梦，卷心精灵，珍珠缀放、绒绒夹竹、浪漫乐章】【✔】
9月7日	9月9日	设置活动	主题活动1万物新生（截止8.24开的服） 1-816【✔】
9月8日	9月15日	跨服联盟GVE：设置活动	跨服联盟GVE 开S816，截止8.28开的服【✔】
9月9日	9月15日	设置活动	世界BOSS【1-799，205-751】【✔】
9月10日	9月13日	设置活动	VIP商店S1-S815【✔】
9月10日	9月15日	设置活动	"蜂群宝藏
荧光蚁、浮光蚁、刺甲蚁、琥珀刺蝽、黑骑士龟蚁、翡翠蜂蚁、长足虎蚁、铁喙象蚁、兵种改造宝箱*2 
1~809【✔】"
9月10日	9月22日	本服联盟GVE：设置活动	本服联盟GVE 开S818，截止9.11开的服【✔】
9月12日	9月13日	设置活动	战斗礼包【✔】
9月12日	9月14日	设置活动	土拨鼠【✔】、罩子【✔】、邮件【✔】
9月14日	9月15日	设置活动	第四章：跳高竞赛（7d）跳一跳
9月14日	9月15日	设置活动	野怪孵化周，截止8.16的服（开服≥31天（也就是满30天，第31天）的服务器开启）1~815【✔】
9月14日	9月15日	设置活动	新变异连储【✔】&7充5【✔】；随心储;1~815，截止8.16的服
9月14日	9月15日	设置活动	联盟远征（截止8月18号开的服，S1-S815）【✔】
9月14日	9月15日	设置活动	预设下周本服gve
9月14日	9月16日	设置活动	主题活动2潮起潮落 1-817（截止8.31开的服）【✔】
9月15日	9月22日	跨服联盟GVE：设置活动	跨服联盟GVE 开S817，截止9.4开的服【✔】
9月16日	9月22日	设置活动	世界BOSS【1-799，205-751】【✔】
9月17日	9月17日	设置活动	"黑骑士
客户端S1-S815
小程序S205-S751【✔】"
9月17日	9月20日	设置活动	VIP商店S1-S816【✔】
9月17日	9月29日	本服联盟GVE：设置活动	本服联盟GVE 开S819，截止9.18开的服【✔】
9月18日	9月19日	设置活动	1000306: 三周年签到 10签7 ,全服，新服手动开（三格大景观）【✔】
9月18日	9月19日	设置活动	蚁群盛宴1~817 开服满15d，截止9/4开的服【✔】
9月18日	9月19日	设置活动	1000153: 特殊回流活动 特殊回流(北京时间)9月19日08:00:00 -10月19日 07:59:59【✔】
9月18日	9月19日	设置活动	"目标用户：开服~2025年9月12日期间注册用户，近7天内有登录但7天及以上未任何付费，持续时间打满10个野怪
连续停氪天数：7
开启渠道：全渠道
1900913: 【国服】停氪礼包【✔】
29901: 蚁国统领限时专属福利I6-68 
29914: 蚁国统领限时专属福利II30-98 
29915: 蚁国统领限时专属福利III30-128 
29921: 蚁国统领限时专属福利IV30-328
29922: 蚁国统领限时专属福利V30-648"
9月19日	9月21日	设置活动	土拨鼠【✔】
9月20日	9月21日	设置活动	特化蚁对决1-816，截至8.22 服务器816【✔】
9月21日	9月22日	设置活动	"第五章：糖果派对（7d）捐献做糖果
31710: 欢庆周年限定特卖I4.99 每日刷新
31711: 欢庆周年限定特卖II9.99 每日不刷新
31712: 欢庆周年限定特卖III19.99 每日不刷新
31713: 欢庆周年限定特卖IV49.99 每日不刷新
礼包开6天
截止9/25的新服手动开"
9月21日	9月22日	设置活动	联盟远征（截止8月25号开的服，S1-S816）【✔】
9月21日	9月22日	设置活动	预设下周本服gve
9月21日	9月23日	设置活动	"弹珠（新活动模板）【✔】
魔鬼刺甲蜥蜴野怪皮肤、夏浪欢歌主堡皮肤、引梦彩羽行军皮肤、1234代买一赠一宝箱、7星翡翠金龟甲、硬树枝

弹珠活动可参与5天，通行证(紫色大景观)、拼图、礼包5天，兑换商店6天，签到6天
1-818服"
9月21日	9月23日	设置活动	1000292：限定礼遇，买一赠一 4代蚂蚁买一送一 1-818服【✔】
9月21日	9月23日	设置活动	珍宝商店【秋月，蜜巢，暗卉巫灵，风雪金玲, 改造精华、溢彩圣诞主堡皮肤、幸福甜蜜行军皮肤，草木有灵，星虹军团，枯木樱龙，楼落蝶梦，卷心精灵，珍珠缀放、绒绒夹竹、浪漫乐章】【✔】
9月21日	9月23日	设置活动	主题活动3旱季来临 1-818（截止9.7开的服） 【✔】
9月22日	9月29日	跨服联盟GVE：设置活动	跨服联盟GVE 开S818，截止9.11开的服【✔】
9月23日	9月29日	设置活动	世界BOSS【1-799，205-751】【✔】
9月24日	9月27日	设置活动	VIP商店S1-S817【✔】
9月24日	10月6日	区域迁徙：设置礼包+分组	区域迁徙 S810~S814【✔】
9月24日	10月6日	本服联盟GVE：设置活动	本服联盟GVE 开S820，截止9.25开的服【✔】
9月26日	9月27日	设置活动	战斗礼包【✔】
9月26日	9月28日	设置活动	土拨鼠【✔】、罩子【✔】、邮件【✔】
9月26日	9月29日	设置活动	自选周卡 赛季服 1-804【✔】
9月26日	10月6日	区域迁徙：设置活动+公布分组	区域迁徙 S810~S814【✔】
9月27日	9月28日	设置活动	兑换多一天
9月28日	9月29日	设置活动	开服满15d的服 惊喜转盘2.0+配套礼包 1-819 截止9.14开的服【✔】
9月28日	9月29日	设置活动	"进化连充-赛季服&7充5
非赛季服兵种改造；截止8.30的服1~817【✔】"
9月28日	9月29日	设置活动	蚁后对决，全服开启，（共计45天）新服需要手动开启 注意！更新完成后预设！！！！！！【✔】
9月28日	9月29日	设置活动	联盟远征（截止9月1号开的服，S1-S817）【✔】
9月28日	9月29日	设置活动	礼包【✔】+分组预设【✔】+活动确认【✔】
9月28日	9月29日	设置活动	预设下周本服gve
9月28日	9月30日	设置活动	主题活动4回归自然（截止9.14开的服）1-819【✔】
9月28日	10月1日	设置活动	黄金周+中秋签到 10签7 （中秋包装，有美术）,全服，新服手动开【✔】
9月28日	10月1日	设置活动	无限寻宝(1~804)赛季服【✔】
9月28日	10月1日	设置活动	十连抽1~821，新服手动开启【✔】
9月28日	10月1日	设置活动	活动预设+公布分组【✔】
9月29日	10月6日	跨服联盟GVE：设置活动	"1000905：国服-拯救蚜虫-跨服
通服跨服联盟GVE S819，截止9.18开的服+
S1-S817【✔】"
9月30日	10月6日	设置活动	世界BOSS【1-799，205-751】【✔】
10月1日	10月1日	设置活动	"黑骑士
客户端S1-S817
小程序S205-S751【✔】"
10月1日	10月4日	设置活动	"VIP商店S1-S818【✔】

0929下架
31672: 假日特惠：野怪伙伴碎片（1代）30-128
————————————
31806: 假日特惠：野怪伙伴碎片30-128【✔】
2025/09/29 08:00:00~2035/09/29 07:59:59
每日刷新：否
新服自动开启：是"
10月1日	10月13日	本服联盟GVE：设置活动	本服联盟GVE 开S821，截止10.2 开的服 本服联盟GVE【✔】
10月2日	10月3日	设置活动	"双倍券BP活动1~804【✔】
中秋包装
（开过赛季预告的服务器）"
10月3日	10月5日	设置活动	土拨鼠【✔】
10月5日	10月6日	设置活动	特化蚁对决1-818，截至9.6 服务器818【✔】
10月5日	10月6日	设置活动	联盟远征（截止9月8号开的服，S1-S818）【✔】
10月5日	10月6日	设置活动	预设下周本服gve
10月5日	10月7日	设置活动	"落潮海岸 1-820【✔】
黑棘绒蚁、7星异色毒萤、硬树枝"
10月5日	10月7日	设置活动	珍宝商店【秋月，蜜巢，暗卉巫灵，风雪金玲, 改造精华、溢彩圣诞主堡皮肤、幸福甜蜜行军皮肤，草木有灵，星虹军团，枯木樱龙，樱落蝶梦，卷心精灵，珍珠缀放、绒绒夹竹、浪漫乐章】【✔】
10月5日	10月7日	设置活动	主题活动1万物新生（截止9.21开的服） 1-820【✔】
10月6日	10月13日	跨服联盟GVE：设置活动	跨服联盟GVE 开S820，截止9.25开的服【✔】
10月7日	10月13日	设置活动	世界BOSS【1-799，205-751】【✔】
10月8日	10月11日	设置活动	VIP商店S1-S819【✔】
10月8日	10月20日	本服联盟GVE：设置活动	本服联盟GVE 开S822，截止10.9 开的服【✔】
10月10日	10月11日	设置活动	战斗礼包【✔】
10月10日	10月11日	设置活动	周末狂欢1~819【✔】
10月10日	10月12日	设置活动	土拨鼠【✔】、罩子【✔】、邮件【✔】
10月11日	10月12日	设置活动	兑换
10月12日	10月13日	设置活动	野怪孵化周，截止9.13的服（开服≥31天（也就是满30天，第31天）的服务器开启）1~819【✔】
10月12日	10月13日	设置活动	新野怪连储【✔】&7充5【✔】；截止9.13的服 1~819
10月12日	10月13日	设置活动	联盟远征（截止9月15号开的服，S1-S819）【✔】
10月12日	10月13日	设置活动	旅行虫；活动7天【周一9点开】【1-804，205-751】；礼包不开【✔】
10月12日	10月13日	设置活动	预设下周本服gve
10月12日	10月14日	设置活动	主题活动2潮起潮落 1-821（截止9.28开的服）【✔】
10月13日	10月20日	跨服联盟GVE：设置活动	跨服联盟GVE 开S821，截止10.2的服【✔】
10月14日	10月20日	设置活动	世界BOSS【1-799，205-751】【✔】
10月15日	10月15日	设置活动	"蜂群宝藏【✔】
1~815 开服满60天，截止8月16日的服务器815
黑棘绒蚁、荧光蚁、浮光蚁、刺甲蚁、琥珀刺蝽、黑骑士龟蚁、翡翠蜂蚁、长足虎蚁、铁喙象蚁、兵种改造宝箱*2"
10月15日	10月15日	设置活动	"1000906：国服-土拨鼠复仇【✔】
黑骑士
客户端S1-S819
小程序S205-S751"
10月15日	10月18日	设置活动	VIP商店S1-S820【✔】
10月15日	10月27日	本服联盟GVE：设置活动	本服联盟GVE 开S823，截止10.16 开的服【✔】
10月17日	10月18日	设置活动	周末狂欢1~820【✔】
10月18日	10月19日	设置活动	"土拨鼠【✔】
（32364: 火力全开：进攻土拨鼠（26/6/30版本））"
10月19日	10月20日	设置活动	延长功勋商店 820【✔】
10月19日	10月20日	设置活动	联盟远征（截止9月22号开的服，S1-S820）【✔】
10月19日	10月20日	设置活动	预设下周本服gve
10月19日	10月21日	设置活动	"1-822
洞穴探险【✔】
长足虎蚁、7星翡翠金龟甲、硬树枝"
10月19日	10月21日	设置活动	珍宝商店【秋月，蜜巢，暗卉巫灵，风雪金玲, 改造精华、溢彩圣诞主堡皮肤、幸福甜蜜行军皮肤，草木有灵，星虹军团，枯木樱龙，楼落蝶梦，卷心精灵，珍珠缀放、绒绒夹竹、浪漫乐章】【✔】
10月19日	10月21日	设置活动	主题活动3旱季来临（截止10.5开的服） 1-822【✔】
10月20日	10月21日	设置活动	特化蚁对决1-820，截至9.21 服务器820【✔】
10月20日	10月27日	跨服联盟GVE：设置活动	跨服联盟GVE 开S822，截止10.9开的服【✔】
10月21日	10月27日	设置活动	世界BOSS【1-799，205-751】【✔】
10月22日	10月25日	设置活动	VIP商店S1-S821【✔】
10月22日	11月3日	本服联盟GVE：设置活动	本服联盟GVE 开S824，截止10.23 开的服【✔】
10月24日	10月25日	设置活动	战斗礼包【✔】
10月24日	10月25日	设置活动	周末狂欢1~821【✔】
10月24日	10月26日	设置活动	土拨鼠【✔】、罩子【✔】、邮件【✔】
10月25日	10月26日	设置活动	兑换多一天
10月26日	10月27日	设置活动	延长功勋商店 821【✔】
10月26日	10月27日	设置活动	蚁群狂欢 1~823 开服满15d，截止10/12开的服【✔】
10月26日	10月27日	设置活动	"1900131: 连续充值（变异（全服））【✔】
1900084：【国服】五日随心储【✔】
新变异连储&7充5；随心储;1~821，截止9.27的服"
10月26日	10月27日	设置活动	联盟远征（截止9月29号开的服，S1-S821）【✔】
10月26日	10月27日	设置活动	蚂蚁寻宝;【1-804，205-751】【✔】
10月26日	10月27日	设置活动	预设下周本服gve
10月26日	10月28日	设置活动	主题活动4回归自然（截止10.12开的服）1-823【✔】
10月27日	11月3日	跨服联盟GVE：设置活动	"1000905：国服-拯救蚜虫-跨服【✔】
通服跨服联盟GVE S823，截止10.16开的服+
S1-S821"
10月28日	11月3日	设置活动	世界BOSS【1-799，205-751】【✔】
10月29日	10月29日	设置活动	"1000906：国服-土拨鼠复仇
黑骑士
客户端S1-S821
小程序S205-S751【✔】"
10月29日	10月30日	设置活动	"1000252: 无限寻宝【✔】
无限寻宝(1~804)赛季服"
10月29日	11月1日	设置活动	VIP商店S1-S822【✔】
10月29日	11月10日	区域迁徙：设置礼包+分组	区域迁徙 S815~S819【✔】
10月29日	11月10日	本服联盟GVE：设置活动	本服联盟GVE 开S825，截止10.30 开的服【✔】
10月31日	11月10日	区域迁徙：设置活动+公布分组	区域迁徙 S815~S819【✔】
11月1日	11月2日	设置活动	"土拨鼠
（32364: 火力全开：进攻土拨鼠（26/6/30版本））
1~822【✔】"
11月2日	11月3日	设置活动	延长功勋商店 822【✔】
11月2日	11月3日	设置活动	联盟远征（截止10月6号开的服，S1-S822）【✔】
11月2日	11月3日	设置活动	礼包【✔】+分组预设【✔】+活动确认【✔】
11月2日	11月3日	设置活动	预设下周本服gve
11月2日	11月4日	设置活动	主题活动1万物新生（截止10.19开的服） 1-824【✔】
11月2日	11月5日	设置活动	"7星幽灵螳螂标头展示活动;1~824 【✔】
新奖励！1000276：强力野怪——{name}"
11月2日	11月5日	设置活动	"蚁群派对1~824，截止10.21服务器 【✔】
7星幽灵螳螂、铁喙象蚁、硬树枝"
11月2日	11月5日	设置活动	"珍宝商店【秋月，蜜巢，暗卉巫灵，风雪金玲, 改造精华、溢彩圣诞主堡皮肤、幸福甜蜜行军皮肤，草木有灵，星虹军团，枯木樱龙，楼落蝶梦，卷心精灵，珍珠缀放、绒绒夹竹、浪漫乐章】
1~824 【✔】"
11月2日	11月5日	设置活动	30432：限时特供：野怪星级转换 礼包，同标头展示活动服务器范围 1-824【✔】
11月2日	11月5日	设置活动	活动预设【✔】+公布分组【✔】
11月3日	11月10日	跨服联盟GVE：设置活动	跨服联盟GVE 开S824，截止10.23开的服【✔】
11月4日	11月5日	设置活动	特化蚁对决1-820，截至10.6 服务器822【✔】
11月5日	11月8日	设置活动	VIP商店S1-S823【✔】
11月5日	11月17日	本服联盟GVE：设置活动	本服联盟GVE 开S826，截止11.6 开的服【✔】
11月7日	11月8日	设置活动	"战斗礼包
31328: 最强限定：战斗特供【✔】"
11月7日	11月9日	设置活动	土拨鼠【✔】、罩子【✔】、邮件
11月7日	11月10日	设置活动	"进化连冲-赛季服【✔】&7充5【✔】
非赛季服兵种改造【✔】；截止10.11的服1~823"
11月9日	11月10日	设置活动	延长功勋商店 823【✔】
11月9日	11月10日	设置活动	兑换多一天
11月9日	11月10日	设置活动	开服满15d的服 惊喜转盘2.0+配套礼包 1-825 截止10.26开的服【✔】
11月9日	11月10日	设置活动	联盟远征（截止10月13号开的服，S1-S823）【✔】
11月9日	11月10日	设置活动	预设下周本服gve
11月9日	11月11日	设置活动	蚁群嘉年华1~825 (满15天的服，截止10.27及之前的服务器)【✔】
11月9日	11月11日	设置活动	双十一礼包页签 1~825 开服满15d，截止10.27开的服【✔】
11月9日	11月11日	设置活动	主题活动2潮起潮落 1-825（截止10.26开的服）【✔】
11月10日	11月17日	跨服联盟GVE：设置活动	跨服联盟GVE 开S825，截止10.30开的服【✔】
11月11日	11月17日	设置活动	世界BOSS【1-804，205-751】【✔】
11月12日	11月12日	设置活动	"1000906：国服-土拨鼠复仇【✔】
黑骑士
客户端S1-S823
小程序S205-S751"
11月12日	11月14日	设置活动	"蜂群宝藏 1~819【✔】
黑棘绒蚁、荧光蚁、浮光蚁、刺甲蚁、琥珀刺蝽、黑骑士龟蚁、翡翠蜂蚁、长足虎蚁、铁喙象蚁、兵种改造宝箱*2

浮光 荧光 刺甲觉醒进入兑换商店"
11月12日	11月15日	设置活动	VIP商店S1-S824【✔】
11月12日	11月24日	本服联盟GVE：设置活动	本服联盟GVE 开S827，截止11.13 开的服【✔】
11月15日	11月16日	设置活动	"土拨鼠
（32364: 火力全开：进攻土拨鼠（26/6/30版本））
1~824【✔】"
11月16日	11月17日	设置活动	延长功勋商店 824【✔】
11月16日	11月17日	设置活动	野怪孵化周，截止10.18的服（开服≥31天（也就是满30天，第31天）的服务器开启）1~824【✔】
11月16日	11月17日	设置活动	蚁后对决，全服开启1～828，（共计45天）新服需要手动开启 注意！如果不是停服期间开活动那就必须预设08:15开！！！！！！【✔】
11月16日	11月17日	设置活动	联盟远征（截止10月20号开的服，S1-S824）【✔】
11月16日	11月17日	设置活动	预设下周本服gve
11月16日	11月18日	设置活动	"落潮海岸
黑棘绒蚁、雪玲欢梦主堡皮肤、6星眼镜蛇枯叶螳、硬树枝
截止11.3的服务器 1～826【✔】"
11月16日	11月18日	设置活动	"珍宝商店【幻彩巨蟹，潮汐舰队，秋月，蜜巢，暗卉巫灵，风雪金玲, 改造精华、溢彩圣诞主堡皮肤、幸福甜蜜行军皮肤，草木有灵，星虹军团，枯木樱龙，楼落蝶梦，卷心精灵，珍珠缀放、绒绒夹竹、浪漫乐章】
同落潮海岸 1～826【✔】"
11月16日	11月18日	设置活动	常规大事典【海外“彩果勋章”】1～826【✔】
11月16日	11月18日	设置活动	主题活动3旱季来临（截止11.2开的服） 1-826【✔】
11月17日	11月24日	跨服联盟GVE：设置活动	跨服联盟GVE 开S826，截止11.6开的服【✔】
11月18日	11月24日	设置活动	世界BOSS【1-804，205-751】【✔】
11月19日	11月20日	设置活动	特化蚁对决1-820，截至10.21 服务器824【✔】
11月19日	11月22日	设置活动	VIP商店S1-S825【✔】
11月19日	12月1日	本服联盟GVE：设置活动	本服联盟GVE 开S828，截止11.20 开的服【✔】
11月21日	11月22日	设置活动	"战斗礼包
31328: 最强限定：战斗特供【✔】"
11月21日	11月23日	设置活动	土拨鼠【✔】、罩子【✔】、邮件【✔】
11月22日	11月23日	设置活动	兑换
11月23日	11月24日	设置活动	延长功勋商店 825【✔】
11月23日	11月24日	设置活动	"双倍券BP活动1~814【✔】
通用包装
（开过赛季预告的服务器）"
11月23日	11月24日	设置活动	新野怪连储【✔】&7充5【✔】；截止10.25的服 1~825
11月23日	11月24日	设置活动	联盟远征（截止10月27号开的服，S1-S825）【✔】
11月23日	11月24日	设置活动	预设下周本服gve
11月23日	11月25日	设置活动	主题活动4回归自然（截止11.9开的服）1-827【✔】
11月24日	12月1日	跨服联盟GVE：设置活动	"1000905：国服-拯救蚜虫-跨服
通服跨服联盟GVE S827，截止11.13开的服+
S1-S825服【✔】"
11月25日	12月1日	设置活动	世界BOSS【1-804，205-751】【✔】
11月26日	11月26日	设置活动	"1000906：国服-土拨鼠复仇
黑骑士
客户端S1-S825
小程序S205-S751【✔】"
11月26日	11月29日	设置活动	VIP商店S1-S826【✔】
11月26日	12月8日	区域迁徙：设置礼包+分组	区域迁徙 S820~S824【✔】
11月26日	12月8日	本服联盟GVE：设置活动	本服联盟GVE 开S829，截止11.27 开的服【✔】
11月28日	11月29日	设置活动	周末狂欢1~826【✔】
11月28日	12月8日	区域迁徙：设置活动+公布分组	区域迁徙 S820~S824【✔】
11月29日	11月30日	设置活动	"土拨鼠
（32364: 火力全开：进攻土拨鼠（26/6/30版本））
1~826【✔】"
11月30日	12月1日	设置活动	延长功勋商店 826【✔】
11月30日	12月1日	设置活动	联盟远征（截止11月3号开的服，S1-S826）【✔】
11月30日	12月1日	设置活动	礼包【✔】+分组预设【✔】+活动确认【✔】
11月30日	12月2日	设置活动	"银环晶蚁标头展示活动;1~828【✔】
新奖励！强力特化蚁——{name}"
11月30日	12月2日	设置活动	"弹珠（海风好礼）【✔】
银环晶蚁、7星翡翠金龟甲、硬树枝 
截止11.17的服务器 1~828
弹珠活动可参与5天，通行证(紫色大景观)、拼图、礼包5天，兑换商店6天，签到6天"
11月30日	12月2日	设置活动	珍宝商店【幻彩巨蟹，潮汐舰队，秋月，蜜巢，暗卉巫灵，风雪金玲, 改造精华、溢彩圣诞主堡皮肤、幸福甜蜜行军皮肤，草木有灵，星虹军团，枯木樱龙，楼落蝶梦，卷心精灵，珍珠缀放、绒绒夹竹、浪漫乐章】【✔】
11月30日	12月2日	设置活动	主题活动1万物新生（截止11.16开的服） 1-828【✔】
11月30日	12月3日	设置活动	活动预设【✔】+公布分组【✔】
12月1日	12月8日	跨服联盟GVE：设置活动	跨服联盟GVE 开S828，截止11.20开的服【✔】
12月2日	12月8日	设置活动	世界BOSS【1-804，205-751】【✔】
12月3日	12月6日	设置活动	VIP商店S1-S827【✔】
12月3日	12月15日	本服联盟GVE：设置活动	本服联盟GVE 开S830，截止12.4开的服【✔】
12月4日	12月5日	设置活动	特化蚁对决1-826，截至11.5 服务器826【✔】
12月5日	12月6日	设置活动	"战斗礼包
31328: 最强限定：战斗特供【✔】"
12月5日	12月7日	设置活动	土拨鼠【✔】、罩子【✔】、邮件【✔】
12月6日	12月7日	设置活动	兑换多一天
12月7日	12月8日	设置活动	延长功勋商店 827【✔】
12月7日	12月8日	设置活动	开服满15d的服 惊喜转盘2.0+配套礼包 1-829 截止11.23开的服【✔】
12月7日	12月8日	设置活动	新变异连储【✔】&7充5【✔】；随心储;1~827，截止11.8的服
12月7日	12月8日	设置活动	联盟远征（截止11月10号开的服，S1-S827）【✔】
12月7日	12月9日	设置活动	主题活动2潮起潮落 1-829（截止11.23开的服）【✔】
12月8日	12月15日	跨服联盟GVE：设置活动	跨服联盟GVE 开S829，截止11.27开的服【✔】
12月9日	12月15日	设置活动	世界BOSS【1-804，205-751】【✔】
12月10日	12月10日	设置活动	"黑骑士
客户端S1-S827
小程序S205-S751
【✔】"
12月10日	12月12日	设置活动	"蜂群宝藏 1~823
琥珀刺蝽、黑骑士龟蚁、
翡翠蜂蚁、长足虎蚁、铁喙象蚁、
黑棘绒蚁、兵种改造宝箱*2【✔】"
12月10日	12月13日	设置活动	VIP商店S1-S828【✔】
12月10日	12月22日	本服联盟GVE：设置活动	本服联盟GVE 开S831，截止12.11 开的服【✔】
12月12日	12月15日	设置活动	自选周卡 赛季服 1-814【✔】
12月13日	12月14日	设置活动	"土拨鼠
（32364: 火力全开：进攻土拨鼠（26/6/30版本））
1~828【✔】"
12月14日	12月15日	设置活动	延长功勋商店 828【✔】
12月14日	12月15日	设置活动	野怪孵化周，截止11.15的服（开服≥31天（也就是满30天，第31天）的服务器开启）1~828【✔】
12月14日	12月15日	设置活动	联盟远征（截止11月17号开的服，S1-S828）【✔】
12月14日	12月15日	设置活动	旅行虫；活动7天【周一9点开】【1-814，205-751】；礼包不开【✔】
12月14日	12月16日	设置活动	"双倍券BP活动1~814
通用包装
（开过赛季预告的服务器）【✔】"
12月14日	12月16日	设置活动	主题活动3旱季来临（截止11.30开的服） 1-830【✔】
12月15日	12月22日	跨服联盟GVE：设置活动	跨服联盟GVE 开S830，截止12.4开的服【✔】
12月16日	12月22日	设置活动	世界BOSS【1-804，205-751】【✔】
12月17日	12月20日	设置活动	VIP商店S1-S829【✔】
12月17日	12月29日	本服联盟GVE：设置活动	本服联盟GVE 开S832，截止12.18开的服【✔】
12月19日	12月20日	设置活动	"战斗礼包
31328: 最强限定：战斗特供【✔】"
12月19日	12月20日	设置活动	周末狂欢1~829【✔】
12月19日	12月20日	设置活动	特化蚁对决1-828，截至11.20 服务器828【✔】
12月19日	12月21日	设置活动	土拨鼠【✔】、罩子【✔】、邮件【✔】
12月21日	12月22日	设置活动	延长功勋商店 829【✔】
12月21日	12月22日	设置活动	联盟远征（截止11月24号开的服，S1-S829）【✔】
12月21日	12月23日	设置活动	"1-831
洞穴探险
新圣诞行军皮肤、4代蚂蚁打折宝箱、7星幽灵螳螂、硬树枝【✔】"
12月21日	12月23日	设置活动	珍宝商店【幻彩巨蟹，潮汐舰队，秋月，蜜巢，暗卉巫灵，风雪金玲, 改造精华、溢彩圣诞主堡皮肤、幸福甜蜜行军皮肤，草木有灵，星虹军团，枯木樱龙，楼落蝶梦，卷心精灵，珍珠缀放、绒绒夹竹、浪漫乐章】【✔】
12月21日	12月23日	设置活动	4代买蚂蚁送觉醒活动（4代觉醒）【✔】
12月21日	12月23日	设置活动	"圣诞大事典
BP+事典+事典礼包
圣诞橙色头像框
1~831【✔】"
12月21日	12月23日	设置活动	圣诞树活动（樱花树换皮）1~831【✔】
12月21日	12月23日	设置活动	双旦签到 14签10 全服，新服手动开【✔】
12月21日	12月23日	设置活动	主题活动4回归自然（截止12.7开的服）1-831【✔】
12月22日	12月29日	跨服联盟GVE：设置活动	"1000905：国服-拯救蚜虫-跨服
通服跨服联盟GVE S831，截止12.11开的服+
S1-S829【✔】"
12月23日	12月29日	设置活动	世界BOSS【1-804，205-751】【✔】
12月24日	12月24日	设置活动	"黑骑士
客户端S1-S829
小程序S205-S751【✔】"
12月24日	12月27日	设置活动	VIP商店S1-S830【✔】
12月24日	1月5日	本服联盟GVE：设置活动	本服联盟GVE 开S833，截止12.25 开的服【✔】
12月26日	12月29日	设置活动	"进化连冲-赛季服&7充5
非赛季服兵种改造；截止11.29的服1~830【✔】"
12月27日	12月28日	设置活动	"土拨鼠
（32364: 火力全开：进攻土拨鼠（26/6/30版本））
1~830【✔】"
12月27日	12月28日	设置活动	兑换多一天
12月28日	12月29日	设置活动	延长功勋商店 830【✔】
12月28日	12月29日	设置活动	联盟远征（截止12月1号开的服，S1-S830）【✔】
12月28日	12月30日	设置活动	主题活动1万物新生（截止12.14开的服） 1-832【✔】
12月29日	1月5日	跨服联盟GVE：设置活动	跨服联盟GVE 开S832，截止12.18开的服【✔】
12月30日	1月5日	设置活动	世界BOSS【1-804，205-751】【✔】
12月31日	1月1日	设置活动	"双倍券BP活动1~814
元旦老包装
（开过赛季预告的服务器）【✔】"
12月31日	1月1日	设置活动	蚁群嘉年华1~832 (满15天的服，截止12.17及之前的服务器)【✔】
12月31日	1月3日	设置活动	VIP商店S1-S831【✔】
12月31日	1月12日	本服联盟GVE：设置活动	本服联盟GVE 开S834，截止1.1开的服【✔】
1月2日	1月3日	设置活动	"战斗礼包
31328: 最强限定：战斗特供【✔】"
1月2日	1月4日	设置活动	土拨鼠【✔】、罩子【✔】、邮件【✔】
1月3日	1月4日	设置活动	特化蚁对决1-830，截至12.5 服务器831,取到830【✔】
1月4日	1月5日	设置活动	延长功勋商店 831【✔】
1月4日	1月5日	设置活动	蚁后对决，全服开启1～835，（共计45天）新服需要手动开启 注意！如果不是停服期间开活动那就必须预设08:15开！！！！！！【✔】
1月4日	1月5日	设置活动	联盟远征（截止12月8号开的服，S1-S831）【✔】
1月4日	1月5日	设置活动	蚂蚁寻宝;【1-814，205-751】【✔】
1月4日	1月6日	设置活动	"7星7星熔岩魔蝎标头展示活动;1~833
新奖励！1000276：强力野怪——{name}【✔】"
1月4日	1月6日	设置活动	"蚁群派对1~833，截止12.22服务器 
【银环晶蚁、7星熔岩魔蝎、硬树枝】【✔】"
1月4日	1月6日	设置活动	珍宝商店【幻彩巨蟹，潮汐舰队，秋月，蜜巢，暗卉巫灵，风雪金玲, 改造精华、溢彩圣诞主堡皮肤、幸福甜蜜行军皮肤，草木有灵，星虹军团，枯木樱龙，楼落蝶梦，卷心精灵，珍珠缀放、绒绒夹竹、浪漫乐章】【✔】
1月4日	1月6日	设置活动	30432：限时特供：野怪星级转换 礼包，同标头展示活动服务器范围 1-833【✔】
1月4日	1月6日	设置活动	主题活动2潮起潮落 1-833（截止12.21开的服） 【✔】
1月5日	1月12日	跨服联盟GVE：设置活动	跨服联盟GVE 开S833，截止12.25开的服【✔】
1月7日	1月7日	设置活动	"黑骑士
客户端S1-S831
小程序S205-S751【✔】"
1月7日	1月10日	设置活动	VIP商店S1-S832【✔】
1月7日	1月19日	区域迁徙：设置礼包+分组	区域迁徙 S825~S829【✔】
1月7日	1月19日	本服联盟GVE：设置活动	本服联盟GVE 开S835，截止1.8 开的服【✔】
1月9日	1月19日	区域迁徙：设置活动+公布分组	区域迁徙 S825~S829【✔】
1月10日	1月11日	设置活动	"土拨鼠
（32364: 火力全开：进攻土拨鼠（26/6/30版本））
1~832【✔】"
1月10日	1月11日	设置活动	兑换多一天
1月11日	1月12日	设置活动	延长功勋商店 832【✔】
1月11日	1月12日	设置活动	开服满15d的服 惊喜转盘2.0+配套礼包 1-834 截止12.28开的服【✔】
1月11日	1月12日	设置活动	蚁群盛宴1~834 开服满15d，截止12/28开的服【✔】
1月11日	1月12日	设置活动	新野怪连储&7充5；截止12.13的服 1~832【✔】
1月11日	1月12日	设置活动	联盟远征（截止12月15号开的服，S1-S832）【✔】
1月11日	1月12日	设置活动	礼包【✔】+分组预设【✔】+活动确认【✔】
1月11日	1月13日	设置活动	主题活动3旱季来临（截止12.28开的服） 1-834【✔】
1月11日	1月14日	设置活动	活动预设【✔】+公布分组【✔】
1月12日	1月19日	跨服联盟GVE：设置活动	跨服联盟GVE 开S834，截止1.1开的服【✔】
1月13日	1月19日	设置活动	世界BOSS【1-814，205-751】【✔】
1月14日	1月16日	设置活动	"蜂群宝藏 1~828
琥珀刺蝽、黑骑士龟蚁、
翡翠蜂蚁、长足虎蚁、铁喙象蚁、
黑棘绒蚁、兵种改造宝箱*2【✔】"
1月14日	1月17日	设置活动	VIP商店S1-S833【✔】
1月14日	1月26日	本服联盟GVE：设置活动	本服联盟GVE 开S836，截止1.15 开的服【✔】
1月16日	1月17日	设置活动	"战斗礼包
31328: 最强限定：战斗特供【✔】"
1月16日	1月18日	设置活动	土拨鼠【✔】、罩子【✔】、邮件【✔】
1月18日	1月19日	设置活动	延长功勋商店 833【✔】
1月18日	1月19日	设置活动	更新1&2&3代碎片宝箱 野怪孵化周，截止12.20的服（开服≥31天（也就是满30天，第31天）的服务器开启）1~833【✔】
1月18日	1月19日	设置活动	特化蚁对决1-830，截至12.20 服务器833，取到830【✔】
1月18日	1月19日	设置活动	联盟远征（截止12月23号开的服，S1-S833）【✔】
1月18日	1月20日	设置活动	"璀璨猛蚁标头展示活动;1~835
新奖励！强力特化蚁——{name}【✔】"
1月18日	1月20日	设置活动	"弹珠（海风好礼）
璀璨猛蚁、6星异色毒萤/翡翠金龟甲/眼镜蛇枯叶螳、硬树枝
截止1.5 的服务器 1~835
弹珠活动可参与5天，通行证(紫色大景观)、拼图、礼包5天，兑换商店6天，签到6天【✔】"
1月18日	1月20日	设置活动	珍宝商店【幻彩巨蟹，潮汐舰队，秋月，蜜巢，暗卉巫灵，风雪金玲, 改造精华、溢彩圣诞主堡皮肤、幸福甜蜜行军皮肤，草木有灵，星虹军团，枯木樱龙，楼落蝶梦，卷心精灵，珍珠缀放、绒绒夹竹、浪漫乐章】【✔】
1月18日	1月20日	设置活动	主题活动4回归自然（截止1.4开的服） 1-835【✔】
1月19日	1月26日	跨服联盟GVE：设置活动	"1000905：国服-拯救蚜虫-跨服
通服跨服联盟GVE S835，截止1.8开的服+
S1-S833【✔】"
1月20日	1月26日	设置活动	世界BOSS【1-814，205-751】【✔】
1月21日	1月21日	设置活动	"黑骑士
客户端S1-S833
小程序S205-S751【✔】"
1月21日	1月24日	设置活动	VIP商店S1-S834【✔】
1月21日	2月2日	本服联盟GVE：设置活动	本服联盟GVE 开S837，截止1.22 开的服【✔】
1月24日	1月25日	设置活动	"土拨鼠
（32364: 火力全开：进攻土拨鼠（26/6/30版本））
1~834【✔】"
1月24日	1月25日	设置活动	兑换多一天
1月25日	1月26日	设置活动	延长功勋商店 834【✔】
1月25日	1月26日	设置活动	蚁群狂欢 1~836 开服满15d，截止1/11开的服【✔】
1月25日	1月26日	设置活动	新变异连储&7充5；随心储;1~834，截止12.27的服【✔】
1月25日	1月26日	设置活动	联盟远征（截止12月30号开的服，S1-S834）【✔】
1月25日	1月27日	设置活动	主题活动1万物新生（截止1.11开的服） 1-836【✔】
1月26日	2月2日	跨服联盟GVE：设置活动	跨服联盟GVE 开S836，截止1.15开的服【✔】
1月27日	2月2日	设置活动	世界BOSS【1-814，205-751】【✔】
1月28日	1月31日	设置活动	VIP商店S1-S835【✔】
1月28日	2月9日	本服联盟GVE：设置活动	本服联盟GVE 开S838，截止1.29 开的服【✔】
1月30日	1月31日	设置活动	"战斗礼包
31328: 最强限定：战斗特供【✔】"
1月30日	1月31日	设置活动	"1000252: 无限寻宝
无限寻宝(1~824)赛季服【✔】"
1月30日	2月1日	设置活动	土拨鼠【✔】、罩子【✔】、邮件【✔】
2月1日	2月2日	设置活动	延长功勋商店 835【✔】
2月1日	2月2日	设置活动	联盟远征（截止1月6号开的服，S1-S835）【✔】
2月1日	2月3日	设置活动	"落潮海岸(30元折扣礼包)
野怪皮肤（五选一）、银环晶蚁，7星幽灵螳螂、硬树枝
截止1.19的服务器 1～837【✔】"
2月1日	2月3日	设置活动	"珍宝商店【幻彩巨蟹，潮汐舰队，秋月，蜜巢，暗卉巫灵，风雪金玲, 改造精华、溢彩圣诞主堡皮肤、幸福甜蜜行军皮肤，草木有灵，星虹军团，枯木樱龙，楼落蝶梦，卷心精灵，珍珠缀放、绒绒夹竹、浪漫乐章】
同落潮海岸 1～837【✔】"
2月1日	2月3日	设置活动	主题活动2潮起潮落 1-837（截止1.18开的服） 【✔】
2月2日	2月3日	设置活动	特化蚁对决1-835，截至1.4 服务器835，取到835【✔】
2月2日	2月9日	跨服联盟GVE：设置活动	跨服联盟GVE 开S837，截止1.22开的服【✔】
2月3日	2月9日	设置活动	世界BOSS【1-814，205-751】【✔】
2月4日	2月4日	设置活动	"黑骑士
客户端S1-S835
小程序S205-S751【✔】"
2月4日	2月7日	设置活动	VIP商店S1-S836【✔】
2月4日	2月16日	区域迁徙：设置礼包+分组	区域迁徙 S830~S834【✔】
2月4日	2月16日	本服联盟GVE：设置活动	本服联盟GVE 开S839，截止2.5 开的服【✔】
2月6日	2月9日	设置活动	"进化连冲-赛季服&7充5
非赛季服兵种改造；截止1.10的服1~836【✔】"
2月6日	2月16日	区域迁徙：设置活动+公布分组	区域迁徙 S830~S834【✔】
2月7日	2月8日	设置活动	"土拨鼠
（32364: 火力全开：进攻土拨鼠（26/6/30版本））
1~836【✔】"
2月7日	2月8日	设置活动	兑换
2月7日	2月8日	设置活动	1000153: 特殊回流活动 特殊回流(北京时间) 2月8日08:00:00 -3月9日 07:59:59【✔】
2月7日	2月8日	设置活动	"目标用户：开服~2026年2月1日期间注册用户，近7天内有登录但7天及以上未任何付费，持续时间打满10个野怪
连续停氪天数：7
开启渠道：全渠道
1900913: 【国服】停氪礼包【✔】
29901: 蚁国统领限时专属福利I6-68 【✔】
29914: 蚁国统领限时专属福利II30-98 【✔】
29915: 蚁国统领限时专属福利III30-128 【✔】
29921: 蚁国统领限时专属福利IV30-328【✔】
29922: 蚁国统领限时专属福利V30-648 【✔】"
2月8日	2月9日	设置活动	延长功勋商店 836【✔】
2月8日	2月9日	设置活动	"双倍券BP活动1~824
通用包装
（开过赛季预告的服务器）【✔】"
2月8日	2月9日	设置活动	开服满15d的服 惊喜转盘2.0+配套礼包 1-838 截止01.25开的服【✔】
2月8日	2月9日	设置活动	联盟远征（截止1月13号开的服，S1-S836）【✔】
2月8日	2月9日	设置活动	礼包【✔】+分组预设【✔】+活动确认【✔】
2月8日	2月10日	设置活动	主题活动3旱季来临（截止1.25开的服） 1-838【✔】
2月8日	2月11日	设置活动	活动预设【✔】+公布分组【✔】
2月9日	2月16日	跨服联盟GVE：设置活动	跨服联盟GVE 开S838，截止1.29开的服【✔】
2月10日	2月16日	设置活动	世界BOSS【1-814，205-751】【✔】
2月11日	2月14日	设置活动	VIP商店S1-S837【✔】
2月11日	2月23日	本服联盟GVE：设置活动	本服联盟GVE 开S840，截止2.12 开的服【✔】
2月12日	2月13日	设置活动	"蜂群宝藏 1~832
截止2025.12.15服务器 
银环晶蚁、长足虎蚁、铁喙象蚁、
黑棘绒蚁、兵种改造宝箱*2
【✔】"
2月13日	2月14日	设置活动	"战斗礼包
31328: 最强限定：战斗特供【✔】"
2月13日	2月15日	设置活动	土拨鼠【✔】、罩子【✔】、邮件【✔】
2月15日	2月16日	设置活动	延长功勋商店 837【✔】
2月15日	2月16日	设置活动	野怪孵化周（1&2&3代碎片宝箱），截止01.17的服（开服≥31天（也就是满30天，第31天）的服务器开启）1~837【✔】
2月15日	2月16日	设置活动	联盟远征（截止1月20号开的服，S1-S837）【✔】
2月15日	2月16日	设置活动	旅行虫；活动7天【周一9点开】【1-824，205-751】；礼包不开【✔】
2月15日	2月17日	设置活动	5代特化蚁买一赠一 2次 1～839【✔】
2月15日	2月17日	设置活动	"蚁群派对1~839，截止2.2服务器 
【新春主堡皮肤-马踏飞燕、璀璨猛蚁、5代特化蚁买一赠一宝箱（2次）、硬树枝】【✔】"
2月15日	2月17日	设置活动	珍宝商店【幻彩巨蟹，潮汐舰队，秋月，蜜巢，暗卉巫灵，风雪金玲, 改造精华、溢彩圣诞主堡皮肤、幸福甜蜜行军皮肤，草木有灵，星虹军团，枯木樱龙，楼落蝶梦，卷心精灵，珍珠缀放、绒绒夹竹、浪漫乐章】【✔】
2月15日	2月17日	设置活动	春节大事典+礼包 1～839【✔】
2月15日	2月17日	设置活动	橡树祈愿（无排行榜） 拼图+BP+礼包一整套 1～839【✔】
2月15日	2月17日	设置活动	新春签到 紫色头像框 全服开启，新服手动开【✔】
2月15日	2月17日	设置活动	主题活动4回归自然（截止2.1开的服） 1-839【✔】
2月16日	2月23日	跨服联盟GVE：设置活动	"1000905：国服-拯救蚜虫-跨服
通服跨服联盟GVE S839，截止2.5开的服+
S1-S837【✔】"
2月17日	2月18日	设置活动	特化蚁对决1-837，截至1.19 服务器837，取到837【✔】
2月17日	2月23日	设置活动	世界BOSS【1-814，205-751】【✔】
2月18日	2月18日	设置活动	"黑骑士
客户端S1-S837
小程序S205-S751【✔】"
2月18日	2月21日	设置活动	VIP商店S1-S838【✔】
2月18日	3月2日	本服联盟GVE：设置活动	本服联盟GVE 开S841，截止2.19 开的服【✔】
2月20日	2月23日	设置活动	自选周卡 赛季服 1-824【✔】
2月21日	2月22日	设置活动	"土拨鼠
（32364: 火力全开：进攻土拨鼠（26/6/30版本））
1~838【✔】"
2月21日	2月22日	设置活动	兑换多一天
2月22日	2月23日	设置活动	延长功勋商店 838【✔】
2月22日	2月23日	设置活动	新野怪连储&7充5；截止1.24的服 1~838【✔】
2月22日	2月23日	设置活动	蚁后对决，全服开启1～842，（共计45天）新服需要手动开启 注意！如果不是停服期间开活动那就必须预设08:15开！！！！！！【✔】
2月22日	2月23日	设置活动	联盟远征（截止1月27号开的服，S1-S838）【✔】
2月22日	2月24日	设置活动	蚁群盛宴 1~840 开服满15d，截止2/9开的服【✔】
2月22日	2月24日	设置活动	主题活动1万物新生（截止2.8开的服） 1-840【✔】
2月23日	3月2日	跨服联盟GVE：设置活动	跨服联盟GVE 开S840，截止2.12开的服【✔】
2月24日	3月2日	设置活动	世界BOSS【1-814，205-751】【✔】
2月25日	2月28日	设置活动	VIP商店S1-S839【✔】
2月25日	3月9日	本服联盟GVE：设置活动	本服联盟GVE 开S842，截止2.26 开的服【✔】
2月27日	2月28日	设置活动	"战斗礼包
31328: 最强限定：战斗特供【✔】"
2月27日	2月28日	设置活动	无限寻宝，赛季服 1～824【✔】
2月27日	3月1日	设置活动	土拨鼠【✔】、罩子【✔】、邮件【✔】
3月1日	3月2日	设置活动	延长功勋商店 839【✔】
3月1日	3月2日	设置活动	联盟远征（截止2月3号开的服，S1-S839）【✔】
3月1日	3月3日	设置活动	"洞穴探险
洞穴探险（30元折扣礼包）
新春行军皮肤-马到成功，银环晶蚁，7星熔岩魔蝎，面面俱到进化礼盒，硬树枝【✔】1-841"
3月1日	3月3日	设置活动	珍宝商店【幻彩巨蟹，潮汐舰队，秋月，蜜巢，暗卉巫灵，风雪金玲, 改造精华、溢彩圣诞主堡皮肤、幸福甜蜜行军皮肤，草木有灵，星虹军团，枯木樱龙，楼落蝶梦，卷心精灵，珍珠缀放、绒绒夹竹、浪漫乐章】【✔】
3月1日	3月3日	设置活动	元宵小事典+礼包 1～841【✔】
3月1日	3月3日	设置活动	主题活动2潮起潮落 1-841（截止2.15开的服） 【✔】
3月2日	3月9日	跨服联盟GVE：设置活动	跨服联盟GVE 开S841，截止2.19开的服【✔】
3月3日	3月9日	设置活动	世界BOSS【1-814，205-751】【✔】
3月4日	3月4日	设置活动	"黑骑士
客户端S1-S839
小程序S205-S751【✔】"
3月4日	3月5日	设置活动	特化蚁对决1-839，截至2.3 服务器839，取到839【✔】
3月4日	3月7日	设置活动	VIP商店S1-S840【✔】
3月4日	3月16日	区域迁徙：设置礼包+分组	区域迁徙 S835~S839【✔】
3月4日	3月16日	本服联盟GVE：设置活动	本服联盟GVE 开S843,截止3月5日开的服【✔】
3月6日	3月16日	区域迁徙：设置活动+公布分组	区域迁徙 S835~S839【✔】
3月7日	3月8日	设置活动	"土拨鼠
（32364: 火力全开：进攻土拨鼠（26/6/30版本））
1~840【✔】"
3月7日	3月8日	设置活动	兑换多一天
3月8日	3月9日	设置活动	延长功勋商店 840【✔】
3月8日	3月9日	设置活动	开服满15d的服 惊喜转盘2.0+配套礼包 1-842 截止2.22开的服【✔】
3月8日	3月9日	设置活动	新变异连储&7充5；随心储;1~840，截止2.7的服【✔】
3月8日	3月9日	设置活动	联盟远征（截止2月10号开的服，S1-S840）【✔】
3月8日	3月9日	设置活动	礼包【✔】+分组预设【✔】+活动确认【✔】
3月8日	3月9日	设置活动	蚂蚁寻宝;【1-824，205-751】【✔】
3月8日	3月10日	设置活动	"双倍券BP活动1~824【✔】
通用包装
（开过赛季预告的服务器）"
3月8日	3月10日	设置活动	主题活动3旱季来临（截止2月22日开的服） 1-842【✔】
3月8日	3月11日	设置活动	活动预设【✔】+公布分组【✔】
3月9日	3月16日	跨服联盟GVE：设置活动	跨服联盟GVE 开S842,截止2月26日开的服【✔】
3月11日	3月14日	设置活动	VIP商店S1-S841【✔】
3月11日	3月23日	本服联盟GVE：设置活动	本服联盟GVE 开S844,截止3月12日开的服【✔】
3月13日	3月14日	设置活动	"战斗礼包
31328: 最强限定：战斗特供【✔】"
3月13日	3月14日	设置活动	周末狂欢1~841【✔】
3月13日	3月15日	设置活动	土拨鼠【✔】、罩子【✔】、邮件【✔】
3月15日	3月16日	设置活动	延长功勋商店 841【✔】
3月15日	3月16日	设置活动	野怪孵化周（1&2&3代碎片宝箱），截止02.14的服（开服≥31天（也就是满30天，第31天）的服务器开启）1~841【✔】
3月15日	3月16日	设置活动	联盟远征（截止2月17号开的服，S1-S841）【✔】
3月15日	3月17日	设置活动	"7星紫金巨锹甲 标头展示活动;1~843
新奖励！1000276：强力野怪——{name}【✔】"
3月15日	3月17日	设置活动	"落潮海岸
璀璨猛蚁
7星紫金巨锹甲
硬树枝
截止3.2的服务器 1～843【✔】"
3月15日	3月17日	设置活动	"珍宝商店【幻彩巨蟹，潮汐舰队，秋月，蜜巢，暗卉巫灵，风雪金玲, 改造精华、溢彩圣诞主堡皮肤、幸福甜蜜行军皮肤，草木有灵，星虹军团，枯木樱龙，楼落蝶梦，卷心精灵，珍珠缀放、绒绒夹竹、浪漫乐章】
同落潮海岸 1～843【✔】"
3月15日	3月17日	设置活动	30432：限时特供：野怪星级转换 礼包，同标头展示活动服务器范围 1-843【✔】
3月15日	3月17日	设置活动	主题活动4回归自然（截止3月1日开的服） 1-843【✔】
3月16日	3月23日	跨服联盟GVE：设置活动	"1000905：国服-拯救蚜虫-跨服
通服跨服联盟GVE S843，截止3月5日开的服+
S1-S841【✔】"
3月17日	3月23日	设置活动	世界BOSS【1-824，205-751】【✔】
3月18日	3月18日	设置活动	"黑骑士
客户端S1-S841
小程序S205-S751【✔】"
3月18日	3月21日	设置活动	VIP商店S1-S842【✔】
3月18日	3月30日	本服联盟GVE：设置活动	本服联盟GVE 开S845,截止3月19日开的服【✔】
3月19日	3月20日	设置活动	特化蚁对决1-840，截至2.18 服务器841，取到840【✔】
3月20日	3月23日	设置活动	"进化连冲-赛季服&7充5
非赛季服兵种改造；截止2.21的服1~842【✔】"
3月21日	3月22日	设置活动	"土拨鼠
（32364: 火力全开：进攻土拨鼠（26/6/30版本））
1~842【✔】"
3月21日	3月22日	设置活动	兑换
3月22日	3月23日	设置活动	延长功勋商店 842【✔】
3月22日	3月23日	设置活动	蚁群狂欢 1~844 开服满15d，截止03/08开的服【✔】
3月22日	3月23日	设置活动	联盟远征（截止2月24号开的服，S1-S842）【✔】
3月22日	3月24日	设置活动	主题活动1万物新生（截止3月8日开的服) 1-844【✔】
3月23日	3月30日	跨服联盟GVE：设置活动	跨服联盟GVE 开S844,截止3月12日开的服【✔】
3月24日	3月30日	设置活动	世界BOSS【1-824，205-751】【✔】
3月25日	3月28日	设置活动	VIP商店S1-S843【✔】
3月25日	4月6日	本服联盟GVE：设置活动	本服联盟GVE 开S846,截止3月26日开的服【✔】
3月26日	3月27日	设置活动	"蜂群宝藏 1~838，截止1月26日开的服（5代特化蚁觉醒打折）
长足虎蚁、铁喙象蚁、黑棘绒蚁、银环晶蚁、兵种改造宝箱*2
【✔】"
3月27日	3月28日	设置活动	"战斗礼包
31328: 最强限定：战斗特供【✔】"
3月27日	3月29日	设置活动	土拨鼠【✔】、罩子【✔】、邮件【✔】
3月29日	3月30日	设置活动	延长功勋商店 843【✔】
3月29日	3月30日	设置活动	联盟远征（截止3月3号开的服，S1-S843）【✔】
3月29日	3月31日	设置活动	"洞穴探险【✔】
长尾毛丝鼠
5代折扣宝箱（2次）
6星翡翠金龟甲、硬树枝
1-845"
3月29日	3月31日	设置活动	珍宝商店【幻彩巨蟹，潮汐舰队，秋月，蜜巢，暗卉巫灵，风雪金玲, 改造精华、溢彩圣诞主堡皮肤、幸福甜蜜行军皮肤，草木有灵，星虹军团，枯木樱龙，楼落蝶梦，卷心精灵，珍珠缀放、绒绒夹竹、浪漫乐章】【✔】
3月29日	3月31日	设置活动	常规大事典+礼包 1～845(截止3.16开的服务器)【✔】
3月29日	3月31日	设置活动	主题活动2潮起潮落 1-845(截止3月15日开的服)【✔】
3月30日	4月6日	跨服联盟GVE：设置活动	跨服联盟GVE 开S845,截止3月19日开的服【✔】
3月31日	4月6日	设置活动	世界BOSS【1-824，205-751】【✔】
4月1日	4月1日	设置活动	"黑骑士
客户端S1-S843
小程序S205-S751【✔】"
4月1日	4月4日	设置活动	VIP商店S1-S844【✔】
4月1日	4月13日	本服联盟GVE：设置活动	本服联盟GVE 开S847,截止4月2日开的服【✔】
4月3日	4月4日	设置活动	特化蚁对决1-840，截至3.5 服务器843，取到840【✔】
4月4日	4月5日	设置活动	"土拨鼠
（32364: 火力全开：进攻土拨鼠（26/6/30版本））
1~844【✔】"
4月4日	4月5日	设置活动	兑换多一天
4月5日	4月6日	设置活动	延长功勋商店 844【✔】
4月5日	4月6日	设置活动	开服满15d的服 惊喜转盘3.0 （三代蚂蚁+觉醒）+配套礼包 1-846 截止3.22开的服【✔】
4月5日	4月6日	设置活动	新野怪连储&7充5；截止3.7的服 1~844【✔】
4月5日	4月6日	设置活动	联盟远征（截止3月10号开的服，S1-S844）【✔】
4月5日	4月7日	设置活动	"双倍券BP
通用包装
（开过赛季预告的服务器）【✔】"
4月5日	4月7日	设置活动	主题活动3旱季来临（截止3月22日开的服） 1-846【✔】
4月5日	4月8日	设置活动	十连抽1~848，新服手动开启【✔】
4月6日	4月13日	跨服联盟GVE：设置活动	跨服联盟GVE 开S846,截止3月26日开的服【✔】
4月7日	4月13日	设置活动	世界BOSS【1-824，205-751】【✔】
4月8日	4月11日	设置活动	VIP商店S1-S845【✔】
4月8日	4月20日	区域迁徙：设置礼包+分组	区域迁徙 S840~S844【✔】
4月8日	4月20日	本服联盟GVE：设置活动	本服联盟GVE 开S848,截止4月9日开的服【✔】
4月10日	4月11日	设置活动	"战斗礼包
31328: 最强限定：战斗特供【✔】"
4月10日	4月11日	设置活动	周末狂欢1~845【✔】
4月10日	4月12日	设置活动	土拨鼠【✔】、罩子【✔】、邮件【✔】
4月10日	4月20日	区域迁徙：设置活动+公布分组	区域迁徙 S840~S844【✔】
4月12日	4月13日	设置活动	延长功勋商店 845【✔】
4月12日	4月13日	设置活动	野怪孵化周（1&2&3代&4代碎片宝箱），截止3.14的服（开服≥31天（也就是满30天，第31天）的服务器开启）1~845【✔】
4月12日	4月13日	设置活动	蚁后对决，全服开启1～849，（共计45天）新服需要手动开启 注意！如果不是停服期间开活动那就必须预设08:15开！！！！！！【✔】
4月12日	4月13日	设置活动	联盟远征（截止3月17号开的服，S1-S845）【✔】
4月12日	4月13日	设置活动	礼包【✔】+分组预设【✔】+活动确认【✔】
4月12日	4月14日	设置活动	"幻彩蜂蚁标头展示活动;1~847
强力特化蚁——{name}【✔】"
4月12日	4月14日	设置活动	"弹珠（海风好礼）【✔】
幻彩蜂蚁、7星紫金巨锹甲、硬树枝
截止0330 的服务器 1~847
弹珠活动可参与5天，通行证(紫色大景观)、拼图、礼包5天，兑换商店6天，签到6天"
4月12日	4月14日	设置活动	珍宝商店【幻彩巨蟹，潮汐舰队，秋月，蜜巢，暗卉巫灵，风雪金玲, 改造精华、溢彩圣诞主堡皮肤、幸福甜蜜行军皮肤，草木有灵，星虹军团，枯木樱龙，楼落蝶梦，卷心精灵，珍珠缀放、绒绒夹竹、浪漫乐章】【✔】
4月12日	4月14日	设置活动	感恩节板子做蛋糕活动 活跃+礼包 6天 1~847【✔】
4月12日	4月14日	设置活动	半周年庆签到 7签5 全服【✔】
4月12日	4月14日	设置活动	主题活动4回归自然（截止3月29日开的服） 1-847【✔】
4月12日	4月15日	设置活动	活动预设【✔】+公布分组【✔】
4月13日	4月20日	跨服联盟GVE：设置活动	"1000905：国服-拯救蚜虫-跨服
通服跨服联盟GVE S847，截止4月2日开的服+
S1-S845【✔】"
4月14日	4月20日	设置活动	世界BOSS【1-824，205-751】【✔】
4月15日	4月15日	设置活动	"黑骑士
客户端S1-S845
小程序S205-S751【✔】"
4月15日	4月18日	设置活动	VIP商店S1-S846【✔】
4月15日	4月27日	本服联盟GVE：设置活动	本服联盟GVE 开S849,截止4月16日开的服【✔】
4月18日	4月19日	设置活动	"土拨鼠
（32364: 火力全开：进攻土拨鼠（26/6/30版本））
1~846【✔】"
4月18日	4月19日	设置活动	兑换多一天
4月18日	4月19日	设置活动	特化蚁对决1-846，截至3.20 服务器846，取到846【✔】
4月19日	4月20日	设置活动	延长功勋商店 846【✔】
4月19日	4月20日	设置活动	蚁群狂欢 1~848 开服满15d，截止4.5开的服【✔】
4月19日	4月20日	设置活动	新变异连储&7充5；随心储;1~846，截止3.21的服【✔】
4月19日	4月20日	设置活动	联盟远征（截止3月23号开的服，S1-S846）【✔】
4月19日	4月21日	设置活动	主题活动1万物新生（截止4月5日开的服) 1-848【✔】
4月20日	4月27日	跨服联盟GVE：设置活动	跨服联盟GVE 开S848,截止4月9日开的服【✔】
4月21日	4月27日	设置活动	世界BOSS【1-824，205-751】【✔】
4月22日	4月25日	设置活动	VIP商店S1-S847【✔】
4月22日	5月4日	本服联盟GVE：设置活动	本服联盟GVE 开S850,截止4月23日开的服【✔】
4月23日	4月24日	设置活动	"蜂群宝藏 1~842，截止2月23日开的服
长足虎蚁、铁喙象蚁、黑棘绒蚁、银环晶蚁、兵种改造宝箱*2
【✔】"
4月24日	4月25日	设置活动	"战斗礼包
31328: 最强限定：战斗特供【✔】"
4月24日	4月26日	设置活动	土拨鼠【✔】、罩子【✔】、邮件【✔】
4月26日	4月27日	设置活动	延长功勋商店 847【✔】
4月26日	4月27日	设置活动	联盟远征（截止3月30号开的服，S1-S847）【✔】
4月26日	4月27日	设置活动	旅行虫；活动7天【周一9点开】【1-834，205-751】；礼包不开【✔】
4月26日	4月28日	设置活动	"洞穴探险（30元折扣礼包【✔】）
仓鼠滚滚行军皮肤
银环晶蚁/璀璨猛蚁
面面俱到变异礼盒、硬树枝
1-849【✔】"
4月26日	4月28日	设置活动	珍宝商店【幻彩巨蟹，潮汐舰队，秋月，蜜巢，暗卉巫灵，风雪金玲, 改造精华、溢彩圣诞主堡皮肤、幸福甜蜜行军皮肤，草木有灵，星虹军团，枯木樱龙，楼落蝶梦，卷心精灵，珍珠缀放、绒绒夹竹、浪漫乐章】【✔】
4月26日	4月28日	设置活动	常规小事典+礼包 1～849【✔】
4月26日	4月28日	设置活动	橡树祈愿（无排行榜） 拼图+BP+礼包一整套 1～849【✔】
4月26日	4月28日	设置活动	主题活动2潮起潮落 1-849(截止4月12日开的服)【✔】
4月26日	4月29日	设置活动	五一劳动节签到 全服开 新服手动开【✔】
4月27日	5月4日	跨服联盟GVE：设置活动	跨服联盟GVE 开S849,截止4月16日开的服【✔】
4月28日	5月4日	设置活动	世界BOSS【1-824，205-751】【✔】
4月29日	4月29日	设置活动	"黑骑士
客户端S1-S847
小程序S205-S751【✔】"
4月29日	5月2日	设置活动	VIP商店S1-S848【✔】
4月29日	5月11日	本服联盟GVE：设置活动	本服联盟GVE 开S851,截止4月30日开的服【✔】
5月1日	5月4日	设置活动	"进化连冲-赛季服&7充5
非赛季服兵种改造；截止4.4的服1~848【✔】"
5月2日	5月3日	设置活动	"土拨鼠
（32364: 火力全开：进攻土拨鼠（26/6/30版本））
1~848【✔】"
5月2日	5月3日	设置活动	兑换多一天
5月3日	5月4日	设置活动	延长功勋商店 848【✔】
5月3日	5月4日	设置活动	开服满15d的服 惊喜转盘3.0 （三代蚂蚁+觉醒）+配套礼包 1-850 截止04.19开的服【✔】
5月3日	5月4日	设置活动	特化蚁对决1-848，截至4.4 服务器848，取到848【✔】
5月3日	5月4日	设置活动	联盟远征（截止4月6号开的服，S1-S848）【✔】
5月3日	5月5日	设置活动	"双倍券BP活动1~834
通用包装
（开过赛季预告的服务器）【✔】"
5月3日	5月5日	设置活动	主题活动3旱季来临（截止4月19日开的服） 1-850【✔】
5月4日	5月11日	跨服联盟GVE：设置活动	跨服联盟GVE 开S850,截止4月23日开的服【✔】
5月5日	5月11日	设置活动	世界BOSS【1-824，205-751】【✔】
5月6日	5月9日	设置活动	VIP商店S1-S849【✔】
5月6日	5月18日	本服联盟GVE：设置活动	本服联盟GVE 开S852,截止5月7日开的服【✔】
5月8日	5月9日	设置活动	"战斗礼包
31328: 最强限定：战斗特供【✔】"
5月8日	5月9日	设置活动	"1000252: 无限寻宝，赛季服 1～834【✔】
32134: 无限寻宝礼包第二期"
5月8日	5月10日	设置活动	土拨鼠【✔】、罩子【✔】、邮件【✔】
5月10日	5月11日	设置活动	延长功勋商店 849【✔】
5月10日	5月11日	设置活动	野怪孵化周（1&2&3代&4代碎片宝箱），截止0411的服（开服≥31天（也就是满30天，第31天）的服务器开启）1~849【✔】
5月10日	5月11日	设置活动	联盟远征（截止4月13号开的服，S1-S849）【✔】
5月10日	5月11日	设置活动	蚂蚁寻宝;【1-834，205-751】【✔】
5月10日	5月12日	设置活动	"7星兰花诡叶螳 标头展示活动;1~851【✔】
强力野怪——{name}"
5月10日	5月12日	设置活动	"蚁群派对1~851，截止0427服务器 【✔】
幻彩蜂蚁
7星兰花诡叶螳、
硬树枝"
5月10日	5月12日	设置活动	珍宝商店【幻彩巨蟹，潮汐舰队，秋月，蜜巢，暗卉巫灵，风雪金玲, 改造精华、溢彩圣诞主堡皮肤、幸福甜蜜行军皮肤，草木有灵，星虹军团，枯木樱龙，楼落蝶梦，卷心精灵，珍珠缀放、绒绒夹竹、浪漫乐章】【✔】
5月10日	5月12日	设置活动	主题活动4回归自然（截止4月26日开的服） 1-851【✔】
5月11日	5月18日	跨服联盟GVE：设置活动	"1000905：国服-拯救蚜虫-跨服
通服跨服联盟GVE S851，截止4月30日开的服+
S1-S849【✔】"
5月13日	5月13日	设置活动	"黑骑士
客户端S1-S849
小程序S205-S751【✔】"
5月13日	5月16日	设置活动	VIP商店S1-S850【✔】
5月13日	5月25日	区域迁徙：设置礼包+分组	区域迁徙 S845~S849【✔】
5月13日	5月25日	本服联盟GVE：设置活动	本服联盟GVE 开S853,截止5月14日开的服【✔】
5月15日	5月18日	设置活动	自选周卡 赛季服 1-834【✔】
5月15日	5月25日	区域迁徙：设置活动+公布分组	区域迁徙 S845~S849【✔】
5月16日	5月17日	设置活动	"土拨鼠
（32364: 火力全开：进攻土拨鼠（26/6/30版本））
1~850【✔】"
5月16日	5月17日	设置活动	兑换多一天
5月17日	5月18日	设置活动	延长功勋商店 850【✔】
5月17日	5月18日	设置活动	蚁群狂欢 1~852 开服满15d，截止0503开的服【✔】
5月17日	5月18日	设置活动	新野怪连储&7充5；截止4.18的服 1~850【✔】
5月17日	5月18日	设置活动	联盟远征（截止4月20号开的服，S1-S850）【✔】
5月17日	5月18日	设置活动	礼包【✔】+分组预设【✔】+活动确认【✔】
5月17日	5月19日	设置活动	主题活动1万物新生（截止5月3日开的服) 1-852【✔】
5月17日	5月19日	设置活动	这轮不开，等0602版本改竞技场规则
5月17日	5月20日	设置活动	活动预设【✔】+公布分组【✔】
5月18日	5月25日	跨服联盟GVE：设置活动	跨服联盟GVE 开S852,截止5月7日开的服【✔】
5月19日	5月25日	设置活动	世界BOSS【1-834，205-751】【✔】
5月20日	5月23日	设置活动	VIP商店S1-S851【✔】
5月20日	6月1日	本服联盟GVE：设置活动	本服联盟GVE 开S854,截止5月21日开的服【✔】
5月21日	5月22日	设置活动	"蜂群宝藏 1~846，截止3月23日开的服
长足虎蚁、铁喙象蚁、黑棘绒蚁、银环晶蚁、璀璨猛蚁，兵种改造宝箱*2
【✔】"
5月22日	5月23日	设置活动	"战斗礼包
31328: 最强限定：战斗特供【✔】"
5月22日	5月24日	设置活动	土拨鼠【✔】、罩子【✔】、邮件【✔】
5月24日	5月25日	设置活动	延长功勋商店 851【✔】
5月24日	5月25日	设置活动	联盟远征（截止4月27号开的服，S1-S851）【✔】
5月24日	5月26日	设置活动	"落潮海岸
银环晶蚁/璀璨猛蚁自选
7星紫金巨锹甲
硬树枝
截止5.10的服务器 1～853【✔】"
5月24日	5月26日	设置活动	珍宝商店【幻彩巨蟹，潮汐舰队，秋月，蜜巢，暗卉巫灵，风雪金玲, 改造精华、溢彩圣诞主堡皮肤、幸福甜蜜行军皮肤，草木有灵，星虹军团，枯木樱龙，楼落蝶梦，卷心精灵，珍珠缀放、绒绒夹竹、浪漫乐章】【✔】
5月24日	5月26日	设置活动	拼图折扣活动 同商业化活动服务器【✔】
5月24日	5月26日	设置活动	主题活动2潮起潮落 1-853(截止5月10日开的服)【✔】
5月25日	6月1日	跨服联盟GVE：设置活动	跨服联盟GVE 开S853,截止5月14日开的服【✔】
5月26日	6月1日	设置活动	世界BOSS【1-834，205-751】【✔】
5月27日	5月27日	设置活动	"黑骑士
客户端S1-S851
小程序S205-S751【✔】"
5月27日	5月30日	设置活动	VIP商店S1-S852【✔】
5月27日	6月8日	本服联盟GVE：设置活动	本服联盟GVE 开S855,截止5月28日开的服【✔】
5月30日	5月31日	设置活动	"土拨鼠
（32364: 火力全开：进攻土拨鼠（26/6/30版本））
1~852【✔】"
5月30日	5月31日	设置活动	兑换
5月31日	6月1日	设置活动	延长功勋商店 852【✔】
5月31日	6月1日	设置活动	"双倍券BP活动1~844
通用包装
（开过赛季预告的服务器）【✔】"
5月31日	6月1日	设置活动	开服满15d的服 惊喜转盘3.0 （三代蚂蚁+觉醒）+配套礼包 1-854 截止05.17开的服【✔】
5月31日	6月1日	设置活动	新变异连储&7充5；随心储;1~852，截止5.2的服【✔】
5月31日	6月1日	设置活动	联盟远征（截止5月4号开的服，S1-S852）【✔】
5月31日	6月2日	设置活动	主题活动3旱季来临（截止5月17日开的服） 1-854【✔】
5月31日	6月2日	设置活动	6/2凌晨更新完成后置！蚁后对决，全服开启1～856，（共计45天）新服需要手动开启 注意！如果不是停服期间开活动那就必须预设08:15开！！！！！！【✔】
6月1日	6月2日	设置活动	特化蚁对决1-850，截至5.3 服务器852，取到850【✔】
6月1日	6月8日	跨服联盟GVE：设置活动	跨服联盟GVE 开S854,截止5月21日开的服【✔】
6月2日	6月8日	设置活动	世界BOSS【1-834，205-751】【✔】
6月3日	6月6日	设置活动	VIP商店S1-S853【✔】
6月3日	6月15日	本服联盟GVE：设置活动	本服联盟GVE 开S856,截止6月4日开的服【✔】
6月5日	6月6日	设置活动	"战斗礼包
31328: 最强限定：战斗特供【✔】"
6月5日	6月6日	设置活动	无限寻宝，赛季服 1～844【✔】
6月5日	6月7日	设置活动	土拨鼠【✔】、罩子【✔】、邮件【✔】
6月7日	6月8日	设置活动	延长功勋商店 853【✔】
6月7日	6月8日	设置活动	野怪孵化周（1&2&3代&4代碎片宝箱），截止0509的服（开服≥31天（也就是满30天，第31天）的服务器开启）1~853【✔】
6月7日	6月8日	设置活动	联盟远征（截止5月11号开的服，S1-S853）【✔】
6月7日	6月9日	设置活动	"洞穴探险
海神之眷主堡皮肤
幻彩蜂蚁
6星幽灵螳螂/6星翡翠金龟甲
硬树枝1~855【✔】"
6月7日	6月9日	设置活动	珍宝商店【幻彩巨蟹，潮汐舰队，秋月，蜜巢，暗卉巫灵，风雪金玲, 改造精华、溢彩圣诞主堡皮肤、幸福甜蜜行军皮肤，草木有灵，星虹军团，枯木樱龙，楼落蝶梦，卷心精灵，珍珠缀放、绒绒夹竹、浪漫乐章】【✔】1~855【✔】
6月7日	6月9日	设置活动	常规大事典(梦藤涟光头像框)+礼包 1～855(截止5.25开的服务器)【✔】
6月7日	6月9日	设置活动	主题活动4回归自然（截止5月24日开的服） 1-855【✔】
6月8日	6月15日	跨服联盟GVE：设置活动	"1000905：国服-拯救蚜虫-跨服
通服跨服联盟GVE S855，截止5月28日开的服+
S1-S853【✔】"
6月9日	6月15日	设置活动	世界BOSS【1-834，205-751】【✔】
6月10日	6月10日	设置活动	"黑骑士
客户端S1-S853
小程序S205-S751【✔】"
6月10日	6月13日	设置活动	VIP商店S1-S854【✔】
6月10日	6月22日	本服联盟GVE：设置活动	本服联盟GVE 开S857,截止6月11日开的服【✔】
6月12日	6月15日	设置活动	自选周卡 赛季服 1-844【✔】
6月12日	6月15日	设置活动	"进化连冲-赛季服&7充5
非赛季服兵种改造；截止5.16的服1~854【✔】"
6月13日	6月14日	设置活动	"土拨鼠
（32364: 火力全开：进攻土拨鼠（26/6/30版本））
1~854【✔】"
6月13日	6月14日	设置活动	兑换多一天
6月14日	6月15日	设置活动	延长功勋商店854【✔】
6月14日	6月15日	设置活动	联盟远征（截止5月18号开的服，S1-S854）【✔】
6月14日	6月16日	设置活动	端午节签到 全服开 新服手动开【✔】
6月14日	6月16日	设置活动	主题活动1万物新生（截止5月31日开的服) 1-856【✔】
6月14日	6月17日	设置活动	5月18日
6月15日	6月22日	跨服联盟GVE：设置活动	跨服联盟GVE 开S856,截止6月4日开的服【✔】
6月16日	6月17日	设置活动	特化蚁对决1-850，截至05.18 服务器854，取到850【✔】
6月16日	6月22日	设置活动	世界BOSS【1-834，205-751】【✔】
6月17日	6月20日	设置活动	VIP商店S1-S855【✔】
6月17日	6月29日	本服联盟GVE：设置活动	本服联盟GVE 开S858,截止6月18日开的服【✔】
6月18日	6月19日	设置活动	"蜂群宝藏 1~850，截止4月20日开的服
长足虎蚁、铁喙象蚁、黑棘绒蚁、银环晶蚁、璀璨猛蚁、兵种改造宝箱*2【✔】"
6月19日	6月20日	设置活动	"战斗礼包
31328: 最强限定：战斗特供【✔】"
6月19日	6月21日	设置活动	土拨鼠【✔】、罩子【✔】、邮件【✔】
6月21日	6月22日	设置活动	延长功勋商店855【✔】
6月21日	6月22日	设置活动	联盟远征（截止5月25号开的服，S1-S855）【✔】
6月21日	6月23日	设置活动	"落潮海岸
野怪皮肤（6选一）
5代蚂蚁折扣宝箱
7星兰花诡叶螳
进化礼盒
硬树枝
截止6.8的服务器 1～857【✔】"
6月21日	6月23日	设置活动	珍宝商店【幻彩巨蟹，潮汐舰队，秋月，蜜巢，暗卉巫灵，风雪金玲, 改造精华、溢彩圣诞主堡皮肤、幸福甜蜜行军皮肤，草木有灵，星虹军团，枯木樱龙，楼落蝶梦，卷心精灵，珍珠缀放、绒绒夹竹、浪漫乐章】1～857【✔】
6月21日	6月23日	设置活动	5代买蚂蚁送觉醒活动（5代觉醒）1～857【✔】
6月21日	6月23日	设置活动	主题活动2潮起潮落 1-857(截止6月7日开的服)【✔】
6月22日	6月29日	跨服联盟GVE：设置活动	跨服联盟GVE 开S857,截止6月11日开的服【✔】
6月23日	6月29日	设置活动	世界BOSS【1-834，205-751】【✔】
6月24日	6月24日	设置活动	"黑骑士
客户端S1-S855
小程序S205-S751【✔】"
6月24日	6月27日	设置活动	VIP商店S1-S856【✔】
6月24日	7月6日	区域迁徙：设置礼包+分组	区域迁徙 S850~S854【✔】
6月24日	7月6日	本服联盟GVE：设置活动	本服联盟GVE 开S859,截止6月25日开的服【✔】
6月26日	7月6日	区域迁徙：设置活动+公布分组	区域迁徙 S850~S854【✔】
6月27日	6月28日	设置活动	"土拨鼠
（32364: 火力全开：进攻土拨鼠（26/6/30版本））
1~856【✔】"
6月27日	6月28日	设置活动	兑换
6月27日	6月28日	设置活动	蚁群嘉年华1~858 (满15天的服，截止6.13及之前的服务器)【✔】
6月28日	6月29日	设置活动	延长功勋商店856【✔】
6月28日	6月29日	设置活动	开服满15d的服 惊喜转盘3.0 （三代蚂蚁+觉醒）+配套礼包 1-858 截止06.14开的服【✔】
6月28日	6月29日	设置活动	蚁群狂欢 1~858【✔】
6月28日	6月29日	设置活动	新野怪连储&7充5；截止5.30的服 1~856【✔】
6月28日	6月29日	设置活动	联盟远征（截止6月1号开的服，S1-S856）【✔】
6月28日	6月29日	设置活动	礼包【✔】+分组预设【✔】+活动确认【✔】
6月28日	6月30日	设置活动	6月15日
6月28日	6月30日	设置活动	主题活动3旱季来临（截止6月14日开的服） 1-858【✔】
6月28日	7月1日	设置活动	活动预设【✔】+公布分组【✔】
6月29日	7月6日	跨服联盟GVE：设置活动	跨服联盟GVE 开S858,截止6月18日开的服【✔】
6月30日	7月6日	设置活动	世界BOSS【1-834，205-751】【✔】
7月1日	7月2日	设置活动	特化蚁对决1-856，截至6.2 服务器856，取到856【✔】
7月1日	7月4日	设置活动	VIP商店S1-S857【✔】
7月1日	7月13日	本服联盟GVE：设置活动	本服联盟GVE 开S860,截止7月2日开的服【✔】
7月2日	7月3日	设置活动	"双倍券BP活动1~844
通用包装
（开过赛季预告的服务器）【✔】"
7月3日	7月5日	设置活动	土拨鼠【✔】、罩子【✔】、邮件【✔】
7月5日	7月6日	设置活动	延长功勋商店857【✔】
7月5日	7月6日	设置活动	野怪孵化周（1&2&3代&4代碎片宝箱），截止6.6的服（开服≥31天（也就是满30天，第31天）的服务器开启）1~857【✔】
7月5日	7月6日	设置活动	联盟远征（截止6月8号开的服，S1-S857）【✔】
7月5日	7月7日	设置活动	"7星棘刺毒尾蝎 标头展示活动;1~859
强力野怪——{name}【✔】"
7月5日	7月7日	设置活动	"蚁群派对
幻彩蜂蚁/银环晶蚁/璀璨猛蚁
7星棘刺毒尾蝎
硬树枝【✔】"
7月5日	7月7日	设置活动	珍宝商店【幻彩巨蟹，潮汐舰队，秋月，蜜巢，暗卉巫灵，风雪金玲, 改造精华、溢彩圣诞主堡皮肤、幸福甜蜜行军皮肤，草木有灵，星虹军团，枯木樱龙，楼落蝶梦，卷心精灵，珍珠缀放、绒绒夹竹、浪漫乐章】【✔】
7月5日	7月7日	设置活动	主题活动4回归自然（截止6月21日开的服） 1-859【✔】
7月6日	7月13日	跨服联盟GVE：设置活动	"1000905：国服-拯救蚜虫-跨服
通服跨服联盟GVE S859，截止6月25日开的服+
S1-S857【✔】"
7月7日	7月13日	设置活动	世界BOSS【1-834，205-751】【✔】
7月8日	7月8日	设置活动	"黑骑士
客户端S1-S857
小程序S205-S751【✔】"
7月8日	7月11日	设置活动	VIP商店S1-S858【✔】
7月8日	7月20日	本服联盟GVE：设置活动	本服联盟GVE 开S861,截止7月9日开的服【✔】
7月11日	7月12日	设置活动	"土拨鼠
（32364: 火力全开：进攻土拨鼠（26/6/30版本））
1~858【✔】"
7月11日	7月12日	设置活动	兑换多一天
7月12日	7月13日	设置活动	延长功勋商店858【✔】
7月12日	7月13日	设置活动	无限寻宝，赛季服 1～844【✔】
7月12日	7月13日	设置活动	新变异连储&7充5；随心储;1~858，截止6.13的服【✔】
7月12日	7月13日	设置活动	联盟远征（截止6月15号开的服，S1-S858）【✔】
7月12日	7月14日	设置活动	主题活动1万物新生（截止6月28日开的服) 1-860【✔】
7月13日	7月20日	跨服联盟GVE：设置活动	跨服联盟GVE 开S860,截止7月2日开的服【✔】
7月15日	7月16日	设置活动	"蜂群宝藏 1~854，截止5月17日开的服
长足虎蚁、铁喙象蚁、黑棘绒蚁、银环晶蚁、璀璨猛蚁、幻彩蜂蚁、兵种改造宝箱*2【✔】"
7月15日	7月18日	设置活动	VIP商店S1-S859【✔】
7月15日	7月27日	本服联盟GVE：设置活动	本服联盟GVE 开S862,截止7月16日开的服【✔】
7月16日	7月17日	设置活动	特化蚁对决1-858，截至6.17 服务器858，取到858【✔】
7月17日	7月19日	设置活动	土拨鼠【✔】、罩子【✔】、邮件【✔】
7月19日	7月20日	设置活动	延长功勋商店859【✔】
7月19日	7月20日	设置活动	蚁后对决，全服开启1～863，（共计45天）新服需要手动开启 注意！如果不是停服期间开活动那就必须预设08:15开！！！！！！【✔】
7月19日	7月20日	设置活动	联盟远征（截止6月22号开的服，S1-S859）【✔】
7月19日	7月21日	设置活动	"洞穴探险（30元折扣礼包）
莓蛛突击队行军皮肤
7星紫金巨锹甲/7星兰花诡叶螳
硬树枝
截止7.6的服务器 1～861【✔】"
7月19日	7月21日	设置活动	珍宝商店【幻彩巨蟹，潮汐舰队，秋月，蜜巢，暗卉巫灵，风雪金玲, 改造精华、溢彩圣诞主堡皮肤、幸福甜蜜行军皮肤，草木有灵，星虹军团，枯木樱龙，楼落蝶梦，卷心精灵，珍珠缀放、绒绒夹竹、浪漫乐章】 1～861【✔】
7月19日	7月21日	设置活动	常规小事典+礼包 1～861【✔】
7月19日	7月21日	设置活动	主题活动2潮起潮落 1-861(截止7月5日开的服)【✔】
7月20日	7月27日	跨服联盟GVE：设置活动	跨服联盟GVE 开S861,截止7月9日开的服【✔】
7月21日	7月27日	设置活动	世界BOSS【1-844，205-751】【✔】
7月22日	7月22日	设置活动	"黑骑士
客户端S1-S859
小程序S205-S751【✔】"
7月22日	7月25日	设置活动	VIP商店S1-S860【✔】
7月22日	8月3日	区域迁徙：设置礼包+分组	区域迁徙 S855~S859【✔】
7月22日	8月3日	本服联盟GVE：设置活动	本服联盟GVE 开S863,截止7月23日开的服【✔】
7月24日	7月27日	设置活动	"进化连冲-赛季服&7充5
非赛季服兵种改造；截止6.27的服1~860【✔】"
7月24日	8月3日	区域迁徙：设置活动+公布分组	区域迁徙 S855~S859【✔】
7月25日	7月26日	设置活动	"土拨鼠
（32364: 火力全开：进攻土拨鼠（26/6/30版本））
1~860【✔】"
7月25日	7月26日	设置活动	兑换多一天
7月26日	7月27日	设置活动	延长功勋商店860【✔】
7月26日	7月27日	设置活动	开服满15d的服 惊喜转盘3.0 （三代蚂蚁+觉醒）+配套礼包 1-862 截止7.12开的服【✔】
7月26日	7月27日	设置活动	联盟远征（截止6月29号开的服，S1-S860）【✔】
7月26日	7月27日	设置活动	礼包【✔】+分组预设【✔】+活动确认【✔】
7月26日	7月28日	设置活动	主题活动3旱季来临（截止7月12日开的服） 1-862【✔】
7月26日	7月29日	设置活动	蚁群狂欢 1~862 开服满15d，截止7.14开的服【✔】
7月26日	7月29日	设置活动	十连抽1~864，新服手动开启【✔】
7月26日	7月29日	设置活动	活动预设【✔】+公布分组【✔】
7月27日	8月3日	跨服联盟GVE：设置活动	跨服联盟GVE 开S862,截止7月16日开的服【✔】
7月28日	8月3日	设置活动	世界BOSS【1-844，205-751】【✔】
7月29日	8月1日	设置活动	VIP商店S1-S861【✔】
7月29日	8月10日	本服联盟GVE：设置活动	本服联盟GVE 开S864,截止7月30日开的服【✔】
7月31日	8月1日	设置活动	周末狂欢1~861【✔】
7月31日	8月1日	设置活动	特化蚁对决1-860，截至7.2 服务器860，取到860【✔】
7月31日	8月2日	设置活动	土拨鼠【✔】、罩子【✔】、邮件【✔】
8月2日	8月3日	设置活动	延长功勋商店861【✔】
8月2日	8月3日	设置活动	野怪孵化周（1&2&3代&4代碎片宝箱），截止7.4的服（开服≥31天（也就是满30天，第31天）的服务器开启）1~861【✔】
8月2日	8月3日	设置活动	联盟远征（截止7月6号开的服，S1-S861）【✔】
8月2日	8月4日	设置活动	"菱斑绒蚁标头展示活动;1~863
强力特化蚁——{name}【✔】"
8月2日	8月4日	设置活动	"弹珠（海风好礼）
宝藏海滩（珍宝商店加入幸运旅行虫）
菱斑绒蚁,6星熔岩魔蝎/幽灵螳螂/翡翠金龟甲,改造礼盒,硬树枝
截止0720 的服务器 1~863
弹珠活动可参与5天，通行证(紫色大景观)、拼图、礼包5天，兑换商店6天，签到6天【✔】"
8月2日	8月4日	设置活动	珍宝商店【幸运履行虫，幻彩巨蟹，潮汐舰队，秋月，蜜巢，暗卉巫灵，风雪金玲, 改造精华、溢彩圣诞主堡皮肤、幸福甜蜜行军皮肤，草木有灵，星虹军团，枯木樱龙，楼落蝶梦，卷心精灵，珍珠缀放、绒绒夹竹、浪漫乐章】【✔】
8月2日	8月4日	设置活动	主题活动4回归自然（截止7月19日开的服） 1-863【✔】
8月3日	8月10日	跨服联盟GVE：设置活动	"1000905：国服-拯救蚜虫-跨服
通服跨服联盟GVE S863，截止7月23日开的服+
S1-S861【✔】"
8月4日	8月10日	设置活动	世界BOSS【1-844，205-751】【✔】
8月5日	8月5日	设置活动	"黑骑士
客户端S1-S861
小程序S205-S751【✔】"
8月5日	8月8日	设置活动	VIP商店S1-S862【✔】
8月5日	8月17日	本服联盟GVE：设置活动	本服联盟GVE 开S865,截止8月6日开的服【✔】
8月7日	8月10日	设置活动	自选周卡 赛季服 1-854【✔】
8月8日	8月9日	设置活动	"土拨鼠
（32364: 火力全开：进攻土拨鼠（26/6/30版本））
1~862【✔】"
8月8日	8月9日	设置活动	兑换多一天
8月9日	8月10日	设置活动	延长功勋商店862【✔】
8月9日	8月10日	设置活动	风中飞翔活动（新版本首次开启）1~854（赛季服）【✔】
8月9日	8月10日	设置活动	"蜂群宝藏 1~857，截止6月11日开的服
长足虎蚁、铁喙象蚁、黑棘绒蚁、银环晶蚁、璀璨猛蚁、幻彩蜂蚁、兵种改造宝箱*2【✔】"
8月9日	8月10日	设置活动	新野怪连储&7充5；截止7.11的服 1~862【✔】
8月9日	8月10日	设置活动	联盟远征（截止7月13号开的服，S1-S862）【✔】
8月9日	8月11日	设置活动	主题活动1万物新生（截止7月26日开的服) 1-864【✔】
8月9日	8月12日	设置活动	1000153: 特殊回流活动 特殊回流(北京时间) 【✔】
8月9日	8月12日	设置活动	"目标用户：停氪7天，打野10次，建号时间在活动开启之前7天之前【✔】
连续停氪天数：7
开启渠道：全渠道
1900913: 【国服】停氪礼包
29901: 蚁国统领限时专属福利I6-68 
29914: 蚁国统领限时专属福利II30-98 
29915: 蚁国统领限时专属福利III30-128 
29921: 蚁国统领限时专属福利IV30-328
29922: 蚁国统领限时专属福利V30-648"
8月10日	8月17日	跨服联盟GVE：设置活动	跨服联盟GVE 开S864,截止7月30日开的服【✔】
8月11日	8月17日	设置活动	世界BOSS【1-844，205-751】【✔】
8月12日	8月15日	设置活动	VIP商店S1-S863【✔】
8月12日	8月24日	本服联盟GVE：设置活动	本服联盟GVE 开S866,截止8月13日开的服【✔】
8月13日	8月14日	设置活动	蚁群专属 1~864 开服满15d，截止0730开的服【✔】
8月14日	8月15日	设置活动	兑换
8月14日	8月16日	设置活动	土拨鼠【✔】、罩子【✔】、邮件【✔】
8月15日	8月16日	设置活动	特化蚁对决1-860，截至7.17 服务器863，取到860【✔】
8月16日	8月17日	设置活动	延长功勋商店863【✔】
8月16日	8月17日	设置活动	联盟远征（截止7月20号开的服，S1-S863）【✔】
8月16日	8月18日	设置活动	"落潮海岸

7星棘刺毒尾蝎
进化礼盒
硬树枝
截止6.8的服务器 1～865【✔】"
8月16日	8月18日	设置活动	珍宝商店【幸运旅行虫，幻彩巨蟹，潮汐舰队，秋月，蜜巢，暗卉巫灵，风雪金玲, 改造精华、溢彩圣诞主堡皮肤、幸福甜蜜行军皮肤，草木有灵，星虹军团，枯木樱龙，楼落蝶梦，卷心精灵，珍珠缀放、绒绒夹竹、浪漫乐章】【✔】
8月16日	8月18日	设置活动	主题活动2潮起潮落 1-865(截止8月2日开的服)【✔】
8月17日	8月24日	跨服联盟GVE：设置活动	跨服联盟GVE 开S865,截止8月6日开的服【✔】
8月18日	8月24日	设置活动	世界BOSS【1-844，205-751】【✔】
8月19日	8月19日	设置活动	"黑骑士
客户端S1-S863
小程序S205-S751【✔】"
8月19日	8月22日	设置活动	VIP商店S1-S864【✔】
8月19日	8月31日	本服联盟GVE：设置活动	本服联盟GVE 开S867,截止8月20日开的服【✔】
8月22日	8月23日	设置活动	"土拨鼠
（32364: 火力全开：进攻土拨鼠（26/6/30版本））
1~864【✔】"
8月22日	8月23日	设置活动	兑换
8月23日	8月24日	设置活动	延长功勋商店864【✔】
8月23日	8月24日	设置活动	"双倍券BP活动1~854
通用包装
（开过赛季预告的服务器）【✔】"
8月23日	8月24日	设置活动	开服满15d的服 惊喜转盘3.0 （三代蚂蚁+觉醒）+配套礼包 1-866 截止8.9开的服【✔】
8月23日	8月24日	设置活动	1900131：新变异连储&7充5；随心储;1~864，截止7.25的服【✔】
8月23日	8月24日	设置活动	联盟远征（截止7月27号开的服，S1-S864）【✔】
8月23日	8月25日	设置活动	主题活动3旱季来临（截止8月9日开的服） 1-866【✔】
8月24日	8月31日	跨服联盟GVE：设置活动	跨服联盟GVE 开S866,截止8月13日开的服【✔】
8月25日	8月31日	设置活动	世界BOSS【1-844，205-751】【✔】
8月26日	8月29日	设置活动	VIP商店S1-S865【✔】
8月26日	9月7日	区域迁徙：设置礼包+分组	区域迁徙 S860~S864【✔】
8月26日	9月7日	本服联盟GVE：设置活动	本服联盟GVE 开S868,截止8月27日开的服【✔】
8月28日	8月29日	设置活动	"1000252: 无限寻宝，赛季服 1～854【✔】
32134: 无限寻宝礼包第二期-改"
8月28日	8月30日	设置活动	土拨鼠【✔】、罩子【✔】、邮件【✔】
8月28日	9月7日	区域迁徙：设置活动+公布分组	区域迁徙 S860~S864【✔】
8月30日	8月31日	设置活动	延长功勋商店865【✔】
8月30日	8月31日	设置活动	"洞穴探险（有拼图）
菱斑绒蚁
变异礼盒、改造礼盒
硬树枝
硬树枝1~867【✔】"
8月30日	8月31日	设置活动	珍宝商店【幸运履行虫，幻彩巨蟹，潮汐舰队，秋月，蜜巢，暗卉巫灵，风雪金玲, 改造精华、溢彩圣诞主堡皮肤、幸福甜蜜行军皮肤，草木有灵，星虹军团，枯木樱龙，楼落蝶梦，卷心精灵，珍珠缀放、绒绒夹竹、浪漫乐章】【✔】
8月30日	8月31日	设置活动	拼图折扣活动 同商业化活动服务器【✔】
8月30日	8月31日	设置活动	特化蚁对决1-865，截至8.1 服务器865，取到865【✔】
8月30日	8月31日	设置活动	联盟远征（截止8月3号开的服，S1-S865）【✔】
8月30日	8月31日	设置活动	礼包【✔】+分组预设【✔】+活动确认【✔】
8月30日	9月1日	设置活动	主题活动4回归自然（截止8月16日开的服） 1-867【✔】
8月30日	9月2日	设置活动	活动预设【✔】+公布分组【✔】
8月31日	9月7日	跨服联盟GVE：设置活动	"1000905：国服-拯救蚜虫-跨服
通服跨服联盟GVE S867，截止8月20日开的服+
S1-S865【✔】"
9月1日	9月7日	设置活动	世界BOSS【1-844，205-751】【✔】
9月2日	9月2日	设置活动	"黑骑士
客户端S1-S865
小程序S205-S751【✔】"
9月2日	9月5日	设置活动	VIP商店S1-S866【✔】
9月2日	9月14日	本服联盟GVE：设置活动	本服联盟GVE 开S869,截止9月3日开的服【✔】
9月4日	9月5日	设置活动	兑换多一天
9月4日	9月7日	设置活动	"进化连冲-赛季服&7充5
非赛季服兵种改造；截止8.8的服1~866【✔】"
9月5日	9月6日	设置活动	"土拨鼠
（32364: 火力全开：进攻土拨鼠（26/6/30版本））
1~866【✔】"
9月6日	9月7日	设置活动	延长功勋商店866【✔】
9月6日	9月7日	设置活动	蚁后对决，全服开启1～870，（共计45天）新服需要手动开启 注意！如果不是停服期间开活动那就必须预设08:15开！！！！！！【✔】
9月6日	9月7日	设置活动	联盟远征（截止8月10号开的服，S1-S866）【✔】
9月6日	9月8日	设置活动	"蜂群宝藏 1~862，截止7月10日开的服
长足虎蚁、铁喙象蚁、黑棘绒蚁、银环晶蚁、璀璨猛蚁、幻彩蜂蚁、兵种改造宝箱*2【✔】"
9月6日	9月8日	设置活动	1000362: 国服四周年活动预告，全服开，活动期间新服手动开✔】
9月6日	9月8日	设置活动	主题活动1万物新生（截止8月23日开的服) 1-868【✔】
9月7日	9月14日	跨服联盟GVE：设置活动	跨服联盟GVE 开S868,截止8月27日开的服【✔】
9月8日	9月14日	设置活动	世界BOSS【1-844，205-751】【✔】
9月9日	9月12日	设置活动	VIP商店S1-S867【✔】
9月9日	9月21日	本服联盟GVE：设置活动	本服联盟GVE 开S870,截止9月10日开的服【✔】
9月10日	9月11日	设置活动	蚁群狂欢 1~868 开服满15d，截止8.27开的服【✔】
9月11日	9月13日	设置活动	土拨鼠【✔】、罩子【✔】、邮件【✔】
9月13日	9月14日	设置活动	延长功勋商店867【✔】
9月13日	9月14日	设置活动	联盟远征（截止8月17号开的服，S1-S867）【✔】
9月13日	9月15日	设置活动	"7星银蓝刺甲兜 标头展示活动;1~869
强力野怪——{name}【✔】"
9月13日	9月15日	设置活动	"蚁群派对
主堡皮肤
六代商业化蚂蚁自选宝箱（买一赠一）
7星银蓝刺角兜
硬树枝1~869【✔】"
9月13日	9月15日	设置活动	珍宝商店【幸运履行虫，幻彩巨蟹，潮汐舰队，秋月，蜜巢，暗卉巫灵，风雪金玲, 改造精华、溢彩圣诞主堡皮肤、幸福甜蜜行军皮肤，草木有灵，星虹军团，枯木樱龙，楼落蝶梦，卷心精灵，珍珠缀放、绒绒夹竹、浪漫乐章】【✔】
9月13日	9月15日	设置活动	买一赠一活动 6代蚂蚁买一送一 1-869【✔】
9月13日	9月15日	设置活动	1000364: 欢庆四周年 全服开 新服手动开【✔】
9月13日	9月15日	设置活动	"第1章
1000365: 欢庆四周年第1章
蚂蚁寻宝
32466: 活力甘露限定特卖30-128
全服，每日不刷新，新服自动开启【✔】"
9月13日	9月15日	设置活动	1000363：国服四周年庆典签到 全服开 新服手动开【✔】
9月13日	9月15日	设置活动	30432：限时特供：野怪星级转换 礼包，同标头展示活动服务器范围 1-869【✔】
9月13日	9月15日	设置活动	主题活动2潮起潮落 1-869(截止8月30日开的服)【✔】
9月14日	9月15日	设置活动	特化蚁对决1-867，截至8.16 服务器867，取到867【✔】
9月14日	9月21日	跨服联盟GVE：设置活动	跨服联盟GVE 开S869,截止9月3日开的服【✔】
9月16日	9月16日	设置活动	"黑骑士
客户端S1-S867
小程序S205-S751【✔】"
9月16日	9月19日	设置活动	VIP商店S1-S868【✔】
9月16日	9月28日	本服联盟GVE：设置活动	本服联盟GVE 开S871,截止9月17日开的服【✔】
9月19日	9月20日	设置活动	"土拨鼠
（32364: 火力全开：进攻土拨鼠（26/6/30版本））
1~868【✔】"
9月19日	9月20日	设置活动	兑换多一天
9月20日	9月21日	设置活动	延长功勋商店868【✔】
9月20日	9月21日	设置活动	开服满15d的服 惊喜转盘3.0 （三代蚂蚁+觉醒）+配套礼包 1-870 截止9.6开的服【✔】
9月20日	9月21日	设置活动	新野怪连储&7充5；截止8.22的服 1~868【✔】
9月20日	9月21日	设置活动	联盟远征（截止8月24号开的服，S1-S868）【✔】
9月20日	9月22日	设置活动	"第2章
1000366: 欢庆四周年第2章
跳一跳换皮
1~854
32467: 弹性树果限定特卖30（进化服）
每日不刷新，新服不自动开启

855+
32484: 弹性树果限定特卖30（非进化服）
每日不刷新，新服自动开启

全服
32468: 弹性树果限定特卖68
32469: 弹性树果限定特卖128
每日不刷新，新服自动开启【✔】"
9月20日	9月22日	设置活动	主题活动3旱季来临（截止9月6日开的服） 1-870【✔】
9月20日	9月23日	设置活动	"1000250：双倍券活动中秋节
双倍券BP活动1~864
中秋包装
（开过赛季预告的服务器）【✔】"
9月21日	9月28日	跨服联盟GVE：设置活动	跨服联盟GVE 开S870,截止9月10日开的服
9月22日	9月28日	设置活动	世界BOSS【1-854，205-751】【✔】
9月23日	9月26日	设置活动	VIP商店S1-S869【✔】
9月23日	10月5日	本服联盟GVE：设置活动	本服联盟GVE 开S860,截止7月2日开的服【✔】
9月24日	9月25日	设置活动	金秋签到 全服开 新服手动开【✔】
9月25日	9月27日	设置活动	土拨鼠【✔】、罩子【✔】、邮件【✔】
9月27日	9月28日	设置活动	延长功勋商店
9月27日	9月28日	设置活动	联盟远征（截止x月x号开的服，S1-Sxx）
9月27日	9月29日	设置活动	"第3章
1000367: 欢庆四周年第3章
联盟挑战BOSS"
9月27日	9月29日	设置活动	主题活动4回归自然（截止x月x日开的服） 1-xxx
9月27日	9月30日	设置活动	"青斑猎蚁 标头展示活动;1~xxx
强力特化蚁——{name}"
9月27日	9月30日	设置活动	"弹珠（海风好礼）
宝藏海滩

行军皮肤 主堡皮肤 青斑猎蚁 6星紫金巨锹甲 硬树枝
截止xxxx 的服务器 1~xxx
弹珠活动可参与5天，通行证、拼图、礼包5天，兑换商店6天，签到6天"
9月27日	9月30日	设置活动	珍宝商店【幸运履行虫，幻彩巨蟹，潮汐舰队，秋月，蜜巢，暗卉巫灵，风雪金玲, 改造精华、溢彩圣诞主堡皮肤、幸福甜蜜行军皮肤，草木有灵，星虹军团，枯木樱龙，楼落蝶梦，卷心精灵，珍珠缀放、绒绒夹竹、浪漫乐章】【✔】
9月27日	9月30日	设置活动	十连抽1~xxx，新服手动开启
9月28日	10月5日	跨服联盟GVE：设置活动	"1000905：国服-拯救蚜虫-跨服
通服跨服联盟GVE S859，截止6月25日开的服+
S1-S857"
9月29日	9月30日	设置活动	特化蚁对决1-xx，截至xx.xx 服务器xx，取到xx
9月29日	10月5日	设置活动	世界BOSS【1-854，205-751】
9月30日	9月30日	设置活动	"黑骑士
客户端S1-Sxxx
小程序S205-S751"
9月30日	10月3日	设置活动	VIP商店S1-Sxxx
9月30日	10月12日	区域迁徙：设置礼包+分组	区域迁徙 S865~S869
9月30日	10月12日	本服联盟GVE：设置活动	本服联盟GVE 开Sxxx,截止x月xx日开的服
10月2日	10月12日	区域迁徙：设置活动+公布分组	区域迁徙 S865~S869
10月3日	10月4日	设置活动	"土拨鼠
（32364: 火力全开：进攻土拨鼠（26/6/30版本））
1~870"
10月4日	10月5日	设置活动	延长功勋商店
10月4日	10月5日	设置活动	兑换多一天
10月4日	10月5日	设置活动	新变异连储&7充5；随心储;1~858，截止6.13的服
10月4日	10月5日	设置活动	联盟远征（截止x月x号开的服，S1-Sxx）
10月4日	10月5日	设置活动	礼包+分组预设+活动确认
10月4日	10月6日	设置活动	"蜂群宝藏 1~xxx，截止x月x日开的服（6代蚂蚁觉醒打折）
长足虎蚁、铁喙象蚁、黑棘绒蚁、银环晶蚁、璀璨猛蚁、幻彩蜂蚁、兵种改造宝箱*2"
10月4日	10月6日	设置活动	"第4章
1000368: 欢庆四周年第4章"
10月4日	10月6日	设置活动	主题活动1万物新生（截止x月x日开的服) 1-xxx
10月4日	10月7日	设置活动	活动预设+公布分组
10月5日	10月12日	跨服联盟GVE：设置活动	跨服联盟GVE 开Sxxx,截止x月xx日开的服
10月6日	10月12日	设置活动	世界BOSS【1-854，205-751】
10月7日	10月10日	设置活动	VIP商店S1-Sxxx
10月7日	10月19日	本服联盟GVE：设置活动	本服联盟GVE 开Sxxx,截止x月xx日开的服
10月8日	10月9日	设置活动	蚁群狂欢 1~xxx 开服满15d，截止xxxx开的服
10月9日	10月11日	设置活动	土拨鼠、罩子、邮件
10月11日	10月12日	设置活动	延长功勋商店
10月11日	10月12日	设置活动	野怪孵化周（1&2&3代&4代碎片宝箱），截止x.xx的服（开服≥31天（也就是满30天，第31天）的服务器开启）1~xxx
10月11日	10月12日	设置活动	联盟远征（截止x月x号开的服，S1-Sxx）
10月11日	10月12日	设置活动	蚂蚁寻宝;【1-xxx，205-751】
10月11日	10月13日	设置活动	一口价更新第五代
10月11日	10月13日	设置活动	新野怪皮肤展示活动;1~xxx
10月11日	10月13日	设置活动	"落潮海岸

耳廓狐野怪皮肤（二代）、行军皮肤、主堡皮肤
菱斑绒蚁、银蓝刺角兜
硬树枝"
10月11日	10月13日	设置活动	珍宝商店【幸运履行虫，幻彩巨蟹，潮汐舰队，秋月，蜜巢，暗卉巫灵，风雪金玲, 改造精华、溢彩圣诞主堡皮肤、幸福甜蜜行军皮肤，草木有灵，星虹军团，枯木樱龙，楼落蝶梦，卷心精灵，珍珠缀放、绒绒夹竹、浪漫乐章】
10月11日	10月13日	设置活动	"第5章
1000369: 欢庆四周年第5章"
10月11日	10月13日	设置活动	主题活动2潮起潮落 1-xxx(截止x月x日开的服)
10月12日	10月19日	跨服联盟GVE：设置活动	跨服联盟GVE 开Sxxx,截止x月xx日开的服
10月13日	10月19日	设置活动	世界BOSS【1-854，205-751】
10月14日	10月14日	设置活动	"黑骑士
客户端S1-Sxxx
小程序S205-S751"
10月14日	10月15日	设置活动	特化蚁对决1-xx，截至xx.xx 服务器xx，取到xx
10月14日	10月17日	设置活动	VIP商店S1-Sxxx
10月14日	10月26日	本服联盟GVE：设置活动	本服联盟GVE 开Sxxx,截止x月xx日开的服
10月16日	10月19日	设置活动	自选周卡 赛季服 1-xxx
10月16日	10月19日	设置活动	"进化连冲-赛季服&7充5
非赛季服兵种改造；截止XXX的服1~XXX"
10月17日	10月18日	设置活动	"土拨鼠
（32364: 火力全开：进攻土拨鼠（26/6/30版本））
1~872"
10月17日	10月18日	设置活动	兑换
10月18日	10月19日	设置活动	延长功勋商店
10月18日	10月19日	设置活动	"双倍券BP活动1~xxx
通用包装
（开过赛季预告的服务器）"
10月18日	10月19日	设置活动	开服满15d的服 惊喜转盘4.0 （四代蚂蚁+觉醒）+配套礼包 1-xxx 截止xx.xx开的服
10月18日	10月19日	设置活动	联盟远征（截止x月x号开的服，S1-Sxx）
10月18日	10月20日	设置活动	主题活动3旱季来临（截止x月x日开的服） 1-xxx
10月19日	10月26日	跨服联盟GVE：设置活动	跨服联盟GVE 开Sxxx,截止x月xx日开的服
10月20日	10月26日	设置活动	世界BOSS【1-854，205-751】
10月21日	10月24日	设置活动	VIP商店S1-Sxxx
10月21日	11月2日	本服联盟GVE：设置活动	本服联盟GVE 开S860,截止7月2日开的服【✔】
10月23日	10月24日	设置活动	无限寻宝，赛季服 1～xxx
10月23日	10月25日	设置活动	土拨鼠、罩子、邮件
10月25日	10月26日	设置活动	延长功勋商店
10月25日	10月26日	设置活动	蚁后对决，全服开启1～xxx，（共计45天）新服需要手动开启 注意！如果不是停服期间开活动那就必须预设08:15开！！！！！！
10月25日	10月26日	设置活动	联盟远征（截止x月x号开的服，S1-Sxx）
10月25日	10月26日	设置活动	旅行虫；活动7天【周一9点开】【1-xxx，205-751】；礼包不开
10月25日	10月27日	设置活动	"7星冰晶魔蝎 标头展示活动;1~xxx
强力野怪——{name}"
10月25日	10月27日	设置活动	"洞穴探险
青斑猎蚁
冰晶魔蝎
进化礼盒
硬树枝"
10月25日	10月27日	设置活动	珍宝商店【幸运履行虫，幻彩巨蟹，潮汐舰队，秋月，蜜巢，暗卉巫灵，风雪金玲, 改造精华、溢彩圣诞主堡皮肤、幸福甜蜜行军皮肤，草木有灵，星虹军团，枯木樱龙，楼落蝶梦，卷心精灵，珍珠缀放、绒绒夹竹、浪漫乐章】
10月25日	10月27日	设置活动	30432：限时特供：野怪星级转换 礼包，同标头展示活动服务器范围 1-XXX
10月25日	10月27日	设置活动	主题活动4回归自然（截止x月x日开的服） 1-xxx
10月26日	11月2日	跨服联盟GVE：设置活动	"1000905：国服-拯救蚜虫-跨服
通服跨服联盟GVE S859，截止6月25日开的服+
S1-S857"
10月27日	11月2日	设置活动	世界BOSS【1-854，205-751】
10月28日	10月28日	设置活动	"黑骑士
客户端S1-Sxxx
小程序S205-S751"
10月28日	10月31日	设置活动	VIP商店S1-Sxxx
10月28日	11月9日	本服联盟GVE：设置活动	本服联盟GVE 开Sxxx,截止x月xx日开的服
10月29日	10月30日	设置活动	特化蚁对决1-xx，截至xx.xx 服务器xx，取到xx
10月31日	11月1日	设置活动	"土拨鼠
（32364: 火力全开：进攻土拨鼠（26/6/30版本））
1~874"
10月31日	11月1日	设置活动	兑换多一天
11月1日	11月2日	设置活动	延长功勋商店
11月1日	11月2日	设置活动	新野怪连储&7充5；截止5.30的服 1~856【✔】
11月1日	11月2日	设置活动	联盟远征（截止x月x号开的服，S1-Sxx）
11月1日	11月3日	设置活动	"双倍券BP活动1~xxx
通用包装
（开过赛季预告的服务器）"
11月1日	11月3日	设置活动	主题活动1万物新生（截止x月x日开的服) 1-xxx
11月2日	11月9日	跨服联盟GVE：设置活动	跨服联盟GVE 开Sxxx,截止x月xx日开的服
11月3日	11月9日	设置活动	世界BOSS【1-854，205-751】
11月4日	11月7日	设置活动	VIP商店S1-Sxxx
11月4日	11月16日	本服联盟GVE：设置活动	本服联盟GVE 开Sxxx,截止x月xx日开的服
11月6日	11月7日	设置活动	周末狂欢1~xxx
11月6日	11月8日	设置活动	土拨鼠、罩子、邮件
11月8日	11月9日	设置活动	延长功勋商店
11月8日	11月9日	设置活动	野怪孵化周（1&2&3代&4代碎片宝箱），截止x.xx的服（开服≥31天（也就是满30天，第31天）的服务器开启）1~xxx
11月8日	11月9日	设置活动	联盟远征（截止x月x号开的服，S1-Sxx）
11月8日	11月10日	设置活动	"落潮海岸
6代折扣宝箱（2次）
7星银蓝刺角兜
改造礼盒
硬树枝"
11月8日	11月10日	设置活动	珍宝商店【幸运旅行虫，幻彩巨蟹，潮汐舰队，秋月，蜜巢，暗卉巫灵，风雪金玲, 改造精华、溢彩圣诞主堡皮肤、幸福甜蜜行军皮肤，草木有灵，星虹军团，枯木樱龙，楼落蝶梦，卷心精灵，珍珠缀放、绒绒夹竹、浪漫乐章】
11月8日	11月10日	设置活动	主题活动2潮起潮落 1-xxx(截止x月x日开的服)
11月9日	11月16日	跨服联盟GVE：设置活动	跨服联盟GVE 开Sxxx,截止x月xx日开的服
11月10日	11月16日	设置活动	世界BOSS【1-854，205-751】
11月11日	11月11日	设置活动	"黑骑士
客户端S1-Sxxx
小程序S205-S751"
11月11日	11月14日	设置活动	VIP商店S1-Sxxx
11月11日	11月23日	本服联盟GVE：设置活动	本服联盟GVE 开Sxxx,截止x月xx日开的服
11月13日	11月14日	设置活动	特化蚁对决1-xx，截至xx.xx 服务器xx，取到xx
11月14日	11月15日	设置活动	"土拨鼠
（32364: 火力全开：进攻土拨鼠（26/6/30版本））
1~876"
11月14日	11月15日	设置活动	兑换多一天
11月15日	11月16日	设置活动	延长功勋商店
11月15日	11月16日	设置活动	开服满15d的服 惊喜转盘4.0 （四代蚂蚁+觉醒）+配套礼包 1-xxx 截止xx.xx开的服
11月15日	11月16日	设置活动	新板子连储 心配置；随心储;1~858，截止6.13的服
11月15日	11月16日	设置活动	联盟远征（截止x月x号开的服，S1-Sxx）
11月15日	11月17日	设置活动	"蜂群宝藏 1~xxx，截止x月xx日开的服
长足虎蚁、铁喙象蚁、黑棘绒蚁、银环晶蚁、璀璨猛蚁、幻彩蜂蚁、菱斑绒蚁、兵种改造宝箱*2"
11月15日	11月17日	设置活动	主题活动3旱季来临（截止x月x日开的服） 1-xxx
11月16日	11月23日	跨服联盟GVE：设置活动	跨服联盟GVE 开Sxxx,截止x月xx日开的服
11月18日	11月21日	设置活动	VIP商店S1-Sxxx
11月18日	11月30日	本服联盟GVE：设置活动	本服联盟GVE 开S860,截止7月2日开的服【✔】
11月19日	11月20日	设置活动	蚁群狂欢 1~xxx 开服满15d，截止xxxx开的服
11月20日	11月22日	设置活动	土拨鼠、罩子、邮件
11月22日	11月23日	设置活动	延长功勋商店
11月22日	11月23日	设置活动	联盟远征（截止x月x号开的服，S1-Sxx）
11月22日	11月24日	设置活动	"莽牛巨首蚁 标头展示活动;1~xxx
强力特化蚁——{name}"
11月22日	11月24日	设置活动	"弹珠（海风好礼）
宝藏海滩

莽牛巨首蚁 6星棘刺毒尾蝎 硬树枝
截止xxxx 的服务器 1~xxx
弹珠活动可参与5天，通行证(紫色大景观)、拼图、礼包5天，兑换商店6天，签到6天"
11月22日	11月24日	设置活动	珍宝商店【幸运旅行虫，幻彩巨蟹，潮汐舰队，秋月，蜜巢，暗卉巫灵，风雪金玲, 改造精华、溢彩圣诞主堡皮肤、幸福甜蜜行军皮肤，草木有灵，星虹军团，枯木樱龙，楼落蝶梦，卷心精灵，珍珠缀放、绒绒夹竹、浪漫乐章】
11月22日	11月24日	设置活动	主题活动4回归自然（截止x月x日开的服） 1-xxx
11月23日	11月30日	跨服联盟GVE：设置活动	"1000905：国服-拯救蚜虫-跨服
通服跨服联盟GVE S859，截止6月25日开的服+
S1-S857"
11月24日	11月30日	设置活动	世界BOSS【1-xxx，205-751】
11月25日	11月25日	设置活动	"黑骑士
客户端S1-Sxxx
小程序S205-S751"
11月25日	11月28日	设置活动	VIP商店S1-Sxxx
11月25日	12月7日	本服联盟GVE：设置活动	本服联盟GVE 开Sxxx,截止x月xx日开的服
11月27日	11月30日	设置活动	自选周卡 赛季服 1-xxx
11月27日	11月30日	设置活动	"进化连冲-赛季服&7充5
非赛季服兵种改造；截止XXX的服1~XXX"
11月28日	11月29日	设置活动	"土拨鼠
（32364: 火力全开：进攻土拨鼠（26/6/30版本））
1~878"
11月28日	11月29日	设置活动	兑换多一天
11月28日	11月29日	设置活动	特化蚁对决1-xx，截至xx.xx 服务器xx，取到xx
11月29日	11月30日	设置活动	延长功勋商店
11月29日	11月30日	设置活动	风中飞翔活动（新版）1~xxx（赛季服）
11月29日	11月30日	设置活动	联盟远征（截止x月x号开的服，S1-Sxx）
11月29日	12月1日	设置活动	"双倍券BP活动1~xxx
通用包装
（开过赛季预告的服务器）"
11月29日	12月1日	设置活动	主题活动1万物新生（截止x月x日开的服) 1-xxx
11月29日	12月2日	设置活动	十连抽1~xxx，新服手动开启
11月30日	12月7日	跨服联盟GVE：设置活动	跨服联盟GVE 开Sxxx,截止x月xx日开的服
12月1日	12月7日	设置活动	世界BOSS【1-xxx，205-751】
12月2日	12月5日	设置活动	VIP商店S1-Sxxx
12月2日	12月14日	本服联盟GVE：设置活动	本服联盟GVE 开Sxxx,截止x月xx日开的服
12月4日	12月5日	设置活动	兑换
12月4日	12月5日	设置活动	周末狂欢1~xxx
12月4日	12月6日	设置活动	土拨鼠、罩子、邮件
12月6日	12月7日	设置活动	延长功勋商店
12月6日	12月7日	设置活动	野怪孵化周（1&2&3代&4代碎片宝箱），截止x.xx的服（开服≥31天（也就是满30天，第31天）的服务器开启）1~xxx
12月6日	12月7日	设置活动	联盟远征（截止x月x号开的服，S1-Sxx）
12月6日	12月8日	设置活动	"落潮海岸【珍宝商店更新】

青斑猎蚁/菱斑绒蚁、冰晶魔蝎、变异礼盒、硬树枝"
12月6日	12月8日	设置活动	珍宝商店【雪兔报春主堡皮肤+翠叶青莲行军皮肤、幸运旅行虫，幻彩巨蟹，潮汐舰队，秋月，蜜巢，暗卉巫灵，风雪金玲, 改造精华、溢彩圣诞主堡皮肤、幸福甜蜜行军皮肤，草木有灵，星虹军团，枯木樱龙，楼落蝶梦，卷心精灵，珍珠缀放、绒绒夹竹、浪漫乐章】
12月6日	12月8日	设置活动	"餐桌活动（备餐7天，用餐1天）
食材礼包"
12月6日	12月8日	设置活动	主题活动2潮起潮落 1-xxx(截止x月x日开的服)
12月7日	12月14日	跨服联盟GVE：设置活动	跨服联盟GVE 开Sxxx,截止x月xx日开的服
12月8日	12月14日	设置活动	世界BOSS【1-xxx，205-751】
12月9日	12月9日	设置活动	"黑骑士
客户端S1-Sxxx
小程序S205-S751"
12月9日	12月12日	设置活动	VIP商店S1-Sxxx
12月9日	12月21日	本服联盟GVE：设置活动	本服联盟GVE 开Sxxx,截止x月xx日开的服
12月12日	12月13日	设置活动	"土拨鼠
（32364: 火力全开：进攻土拨鼠（26/6/30版本））
1~880"
12月12日	12月13日	设置活动	兑换
12月13日	12月14日	设置活动	延长功勋商店
12月13日	12月14日	设置活动	开服满15d的服 惊喜转盘4.0 （四代蚂蚁+觉醒）+配套礼包 1-xxx 截止xx.xx开的服
12月13日	12月14日	设置活动	新野怪连储&7充5；截止5.30的服 1~856【✔】
12月13日	12月14日	设置活动	特化蚁对决1-xx，截至xx.xx 服务器xx，取到xx
12月13日	12月14日	设置活动	联盟远征（截止x月x号开的服，S1-Sxx）
12月13日	12月14日	设置活动	蚂蚁寻宝;【1-xxx，205-751】
12月13日	12月15日	设置活动	"蜂群宝藏 1~xxx，截止x月xx日开的服
长足虎蚁、铁喙象蚁、黑棘绒蚁、银环晶蚁、璀璨猛蚁、幻彩蜂蚁、菱斑绒蚁、兵种改造宝箱*2"
12月13日	12月15日	设置活动	用餐1天
12月13日	12月15日	设置活动	主题活动3旱季来临（截止x月x日开的服） 1-xxx
12月14日	12月21日	跨服联盟GVE：设置活动	跨服联盟GVE 开Sxxx,截止x月xx日开的服
12月15日	12月21日	设置活动	世界BOSS【1-xxx，205-751】
12月16日	12月19日	设置活动	VIP商店S1-Sxxx
12月16日	12月28日	本服联盟GVE：设置活动	本服联盟GVE 开Sxxx,截止x月xx日开的服
12月17日	12月18日	设置活动	蚁群狂欢 1~xxx 开服满15d，截止xxxx开的服
12月18日	12月20日	设置活动	土拨鼠、罩子、邮件
12月20日	12月21日	设置活动	延长功勋商店
12月20日	12月21日	设置活动	联盟远征（截止x月x号开的服，S1-Sxx）
12月20日	12月22日	设置活动	"7星琉璃刺镰螳 标头展示活动;1~xxx
强力野怪——{name}"
12月20日	12月22日	设置活动	"蚁群派对
圣诞主堡皮肤
青斑猎蚁
琉璃刺镰螳
硬树枝"
12月20日	12月22日	设置活动	珍宝商店【雪兔报春主堡皮肤+翠叶青莲行军皮肤、幸运旅行虫，幻彩巨蟹，潮汐舰队，秋月，蜜巢，暗卉巫灵，风雪金玲, 改造精华、溢彩圣诞主堡皮肤、幸福甜蜜行军皮肤，草木有灵，星虹军团，枯木樱龙，楼落蝶梦，卷心精灵，珍珠缀放、绒绒夹竹、浪漫乐章】
12月20日	12月22日	设置活动	圣诞大事典+礼包 （聊天气泡） 1～xxx(截止x.xx开的服务器)
12月20日	12月22日	设置活动	30432：限时特供：野怪星级转换 礼包，同标头展示活动服务器范围 1-XXX
12月20日	12月22日	设置活动	双旦签到 全服开 新服手动开
12月20日	12月22日	设置活动	主题活动4回归自然（截止x月x日开的服） 1-xxx
12月21日	12月28日	跨服联盟GVE：设置活动	跨服联盟GVE 开Sxxx,截止x月xx日开的服
12月22日	12月28日	设置活动	世界BOSS【1-xxx，205-751】
12月23日	12月26日	设置活动	VIP商店S1-Sxxx
12月26日	12月27日	设置活动	"土拨鼠
（32364: 火力全开：进攻土拨鼠（26/6/30版本））
1~882"
12月26日	12月27日	设置活动	兑换多一天
12月27日	12月28日	设置活动	延长功勋商店
12月27日	12月28日	设置活动	新变异连储&7充5；随心储;1~858，截止6.13的服
12月27日	12月28日	设置活动	联盟远征（截止x月x号开的服，S1-Sxx）
12月27日	12月28日	设置活动	旅行虫；活动7天【周一9点开】【1-xxx，205-751】；礼包不开
12月27日	12月29日	设置活动	主题活动1万物新生（截止x月x日开的服) 1-xxx
12月27日	12月30日	设置活动	无限寻宝，赛季服 1～xxx
1月1日	1月3日	设置活动	土拨鼠、罩子、邮件
1月3日	1月4日	设置活动	延长功勋商店
1月3日	1月4日	设置活动	野怪孵化周（1&2&3代&4代碎片宝箱），截止x.xx的服（开服≥31天（也就是满30天，第31天）的服务器开启）1~xxx
